Copyright 1986-2020 Xilinx, Inc. All Rights Reserved.
--------------------------------------------------------------------------------------------------------------------------------------------------------------------------------------------------
| Tool Version : Vivado v.2020.1 (win64) Build 2902540 Wed May 27 19:54:49 MDT 2020
| Date         : Fri Sep 25 03:05:27 2026
| Host         : LAPTOP-NN1GICT7 running 64-bit major release  (build 9200)
| Command      : report_timing_summary -max_paths 10 -file game_core_timing_summary_routed.rpt -pb game_core_timing_summary_routed.pb -rpx game_core_timing_summary_routed.rpx -warn_on_violation
| Design       : game_core
| Device       : 7z010-clg400
| Speed File   : -1  PRODUCTION 1.12 2019-11-22
--------------------------------------------------------------------------------------------------------------------------------------------------------------------------------------------------

Timing Summary Report

------------------------------------------------------------------------------------------------
| Timer Settings
| --------------
------------------------------------------------------------------------------------------------

  Enable Multi Corner Analysis               :  Yes
  Enable Pessimism Removal                   :  Yes
  Pessimism Removal Resolution               :  Nearest Common Node
  Enable Input Delay Default Clock           :  No
  Enable Preset / Clear Arcs                 :  No
  Disable Flight Delays                      :  No
  Ignore I/O Paths                           :  No
  Timing Early Launch at Borrowing Latches   :  No
  Borrow Time for Max Delay Exceptions       :  Yes
  Merge Timing Exceptions                    :  Yes

  Corner  Analyze    Analyze    
  Name    Max Paths  Min Paths  
  ------  ---------  ---------  
  Slow    Yes        Yes        
  Fast    Yes        Yes        



check_timing report

Table of Contents
-----------------
1. checking no_clock (0)
2. checking constant_clock (0)
3. checking pulse_width_clock (0)
4. checking unconstrained_internal_endpoints (0)
5. checking no_input_delay (4)
6. checking no_output_delay (4)
7. checking multiple_clock (0)
8. checking generated_clocks (0)
9. checking loops (0)
10. checking partial_input_delay (0)
11. checking partial_output_delay (0)
12. checking latch_loops (0)

1. checking no_clock (0)
------------------------
 There are 0 register/latch pins with no clock.


2. checking constant_clock (0)
------------------------------
 There are 0 register/latch pins with constant_clock.


3. checking pulse_width_clock (0)
---------------------------------
 There are 0 register/latch pins which need pulse_width check


4. checking unconstrained_internal_endpoints (0)
------------------------------------------------
 There are 0 pins that are not constrained for maximum delay.

 There are 0 pins that are not constrained for maximum delay due to constant clock.


5. checking no_input_delay (4)
------------------------------
 There are 4 input ports with no input delay specified. (HIGH)

 There are 0 input ports with no input delay but user has a false path constraint.


6. checking no_output_delay (4)
-------------------------------
 There are 4 ports with no output delay specified. (HIGH)

 There are 0 ports with no output delay but user has a false path constraint

 There are 0 ports with no output delay but with a timing clock defined on it or propagating through it


7. checking multiple_clock (0)
------------------------------
 There are 0 register/latch pins with multiple clocks.


8. checking generated_clocks (0)
--------------------------------
 There are 0 generated clocks that are not connected to a clock source.


9. checking loops (0)
---------------------
 There are 0 combinational loops in the design.


10. checking partial_input_delay (0)
------------------------------------
 There are 0 input ports with partial input delay specified.


11. checking partial_output_delay (0)
-------------------------------------
 There are 0 ports with partial output delay specified.


12. checking latch_loops (0)
----------------------------
 There are 0 combinational latch loops in the design through latch input



------------------------------------------------------------------------------------------------
| Design Timing Summary
| ---------------------
------------------------------------------------------------------------------------------------

    WNS(ns)      TNS(ns)  TNS Failing Endpoints  TNS Total Endpoints      WHS(ns)      THS(ns)  THS Failing Endpoints  THS Total Endpoints     WPWS(ns)     TPWS(ns)  TPWS Failing Endpoints  TPWS Total Endpoints  
    -------      -------  ---------------------  -------------------      -------      -------  ---------------------  -------------------     --------     --------  ----------------------  --------------------  
      3.798        0.000                      0                   83        0.152        0.000                      0                   83        3.500        0.000                       0                    45  


All user specified timing constraints are met.


------------------------------------------------------------------------------------------------
| Clock Summary
| -------------
------------------------------------------------------------------------------------------------

Clock        Waveform(ns)         Period(ns)      Frequency(MHz)
-----        ------------         ----------      --------------
sys_clk_pin  {0.000 4.000}        8.000           125.000         


------------------------------------------------------------------------------------------------
| Intra Clock Table
| -----------------
------------------------------------------------------------------------------------------------

Clock             WNS(ns)      TNS(ns)  TNS Failing Endpoints  TNS Total Endpoints      WHS(ns)      THS(ns)  THS Failing Endpoints  THS Total Endpoints     WPWS(ns)     TPWS(ns)  TPWS Failing Endpoints  TPWS Total Endpoints  
-----             -------      -------  ---------------------  -------------------      -------      -------  ---------------------  -------------------     --------     --------  ----------------------  --------------------  
sys_clk_pin         3.798        0.000                      0                   83        0.152        0.000                      0                   83        3.500        0.000                       0                    45  


------------------------------------------------------------------------------------------------
| Inter Clock Table
| -----------------
------------------------------------------------------------------------------------------------

From Clock    To Clock          WNS(ns)      TNS(ns)  TNS Failing Endpoints  TNS Total Endpoints      WHS(ns)      THS(ns)  THS Failing Endpoints  THS Total Endpoints  
----------    --------          -------      -------  ---------------------  -------------------      -------      -------  ---------------------  -------------------  


------------------------------------------------------------------------------------------------
| Other Path Groups Table
| -----------------------
------------------------------------------------------------------------------------------------

Path Group    From Clock    To Clock          WNS(ns)      TNS(ns)  TNS Failing Endpoints  TNS Total Endpoints      WHS(ns)      THS(ns)  THS Failing Endpoints  THS Total Endpoints  
----------    ----------    --------          -------      -------  ---------------------  -------------------      -------      -------  ---------------------  -------------------  


------------------------------------------------------------------------------------------------
| Timing Details
| --------------
------------------------------------------------------------------------------------------------


---------------------------------------------------------------------------------------------------
From Clock:  sys_clk_pin
  To Clock:  sys_clk_pin

Setup :            0  Failing Endpoints,  Worst Slack        3.798ns,  Total Violation        0.000ns
Hold  :            0  Failing Endpoints,  Worst Slack        0.152ns,  Total Violation        0.000ns
PW    :            0  Failing Endpoints,  Worst Slack        3.500ns,  Total Violation        0.000ns
---------------------------------------------------------------------------------------------------


Max Delay Paths
--------------------------------------------------------------------------------------
Slack (MET) :             3.798ns  (required time - arrival time)
  Source:                 U_GCLK_SEL/counter_reg[4]/C
                            (rising edge-triggered cell FDRE clocked by sys_clk_pin  {rise@0.000ns fall@4.000ns period=8.000ns})
  Destination:            U_GCLK_SEL/counter_reg[20]/R
                            (rising edge-triggered cell FDRE clocked by sys_clk_pin  {rise@0.000ns fall@4.000ns period=8.000ns})
  Path Group:             sys_clk_pin
  Path Type:              Setup (Max at Slow Process Corner)
  Requirement:            8.000ns  (sys_clk_pin rise@8.000ns - sys_clk_pin rise@0.000ns)
  Data Path Delay:        3.714ns  (logic 1.382ns (37.207%)  route 2.332ns (62.793%))
  Logic Levels:           5  (CARRY4=4 LUT3=1)
  Clock Path Skew:        -0.026ns (DCD - SCD + CPR)
    Destination Clock Delay (DCD):    4.955ns = ( 12.955 - 8.000 ) 
    Source Clock Delay      (SCD):    5.410ns
    Clock Pessimism Removal (CPR):    0.429ns
  Clock Uncertainty:      0.035ns  ((TSJ^2 + TIJ^2)^1/2 + DJ) / 2 + PE
    Total System Jitter     (TSJ):    0.071ns
    Total Input Jitter      (TIJ):    0.000ns
    Discrete Jitter          (DJ):    0.000ns
    Phase Error              (PE):    0.000ns

    Location             Delay type                Incr(ns)  Path(ns)    Netlist Resource(s)
  -------------------------------------------------------------------    -------------------
                         (clock sys_clk_pin rise edge)
                                                      0.000     0.000 r  
    K17                                               0.000     0.000 r  sysclk (IN)
                         net (fo=0)                   0.000     0.000    sysclk
    K17                  IBUF (Prop_ibuf_I_O)         1.492     1.492 r  sysclk_IBUF_inst/O
                         net (fo=1, routed)           2.076     3.568    sysclk_IBUF
    BUFGCTRL_X0Y16       BUFG (Prop_bufg_I_O)         0.101     3.669 r  sysclk_IBUF_BUFG_inst/O
                         net (fo=44, routed)          1.741     5.410    U_GCLK_SEL/sysclk_IBUF_BUFG
    SLICE_X42Y51         FDRE                                         r  U_GCLK_SEL/counter_reg[4]/C
  -------------------------------------------------------------------    -------------------
    SLICE_X42Y51         FDRE (Prop_fdre_C_Q)         0.518     5.928 r  U_GCLK_SEL/counter_reg[4]/Q
                         net (fo=2, routed)           0.998     6.926    U_GCLK_SEL/counter_reg[4]
    SLICE_X43Y51         LUT3 (Prop_lut3_I0_O)        0.124     7.050 r  U_GCLK_SEL/counter0_carry_i_4/O
                         net (fo=1, routed)           0.000     7.050    U_GCLK_SEL/counter0_carry_i_4_n_0
    SLICE_X43Y51         CARRY4 (Prop_carry4_S[2]_CO[3])
                                                      0.398     7.448 r  U_GCLK_SEL/counter0_carry/CO[3]
                         net (fo=1, routed)           0.000     7.448    U_GCLK_SEL/counter0_carry_n_0
    SLICE_X43Y52         CARRY4 (Prop_carry4_CI_CO[3])
                                                      0.114     7.562 r  U_GCLK_SEL/counter0_carry__0/CO[3]
                         net (fo=1, routed)           0.000     7.562    U_GCLK_SEL/counter0_carry__0_n_0
    SLICE_X43Y53         CARRY4 (Prop_carry4_CI_CO[3])
                                                      0.114     7.676 r  U_GCLK_SEL/counter0_carry__1/CO[3]
                         net (fo=1, routed)           0.000     7.676    U_GCLK_SEL/counter0_carry__1_n_0
    SLICE_X43Y54         CARRY4 (Prop_carry4_CI_CO[3])
                                                      0.114     7.790 r  U_GCLK_SEL/counter0_carry__2/CO[3]
                         net (fo=32, routed)          1.334     9.124    U_GCLK_SEL/clear
    SLICE_X42Y55         FDRE                                         r  U_GCLK_SEL/counter_reg[20]/R
  -------------------------------------------------------------------    -------------------

                         (clock sys_clk_pin rise edge)
                                                      8.000     8.000 r  
    K17                                               0.000     8.000 r  sysclk (IN)
                         net (fo=0)                   0.000     8.000    sysclk
    K17                  IBUF (Prop_ibuf_I_O)         1.421     9.421 r  sysclk_IBUF_inst/O
                         net (fo=1, routed)           1.880    11.301    sysclk_IBUF
    BUFGCTRL_X0Y16       BUFG (Prop_bufg_I_O)         0.091    11.392 r  sysclk_IBUF_BUFG_inst/O
                         net (fo=44, routed)          1.563    12.955    U_GCLK_SEL/sysclk_IBUF_BUFG
    SLICE_X42Y55         FDRE                                         r  U_GCLK_SEL/counter_reg[20]/C
                         clock pessimism              0.429    13.384    
                         clock uncertainty           -0.035    13.348    
    SLICE_X42Y55         FDRE (Setup_fdre_C_R)       -0.426    12.922    U_GCLK_SEL/counter_reg[20]
  -------------------------------------------------------------------
                         required time                         12.922    
                         arrival time                          -9.124    
  -------------------------------------------------------------------
                         slack                                  3.798    

Slack (MET) :             3.798ns  (required time - arrival time)
  Source:                 U_GCLK_SEL/counter_reg[4]/C
                            (rising edge-triggered cell FDRE clocked by sys_clk_pin  {rise@0.000ns fall@4.000ns period=8.000ns})
  Destination:            U_GCLK_SEL/counter_reg[21]/R
                            (rising edge-triggered cell FDRE clocked by sys_clk_pin  {rise@0.000ns fall@4.000ns period=8.000ns})
  Path Group:             sys_clk_pin
  Path Type:              Setup (Max at Slow Process Corner)
  Requirement:            8.000ns  (sys_clk_pin rise@8.000ns - sys_clk_pin rise@0.000ns)
  Data Path Delay:        3.714ns  (logic 1.382ns (37.207%)  route 2.332ns (62.793%))
  Logic Levels:           5  (CARRY4=4 LUT3=1)
  Clock Path Skew:        -0.026ns (DCD - SCD + CPR)
    Destination Clock Delay (DCD):    4.955ns = ( 12.955 - 8.000 ) 
    Source Clock Delay      (SCD):    5.410ns
    Clock Pessimism Removal (CPR):    0.429ns
  Clock Uncertainty:      0.035ns  ((TSJ^2 + TIJ^2)^1/2 + DJ) / 2 + PE
    Total System Jitter     (TSJ):    0.071ns
    Total Input Jitter      (TIJ):    0.000ns
    Discrete Jitter          (DJ):    0.000ns
    Phase Error              (PE):    0.000ns

    Location             Delay type                Incr(ns)  Path(ns)    Netlist Resource(s)
  -------------------------------------------------------------------    -------------------
                         (clock sys_clk_pin rise edge)
                                                      0.000     0.000 r  
    K17                                               0.000     0.000 r  sysclk (IN)
                         net (fo=0)                   0.000     0.000    sysclk
    K17                  IBUF (Prop_ibuf_I_O)         1.492     1.492 r  sysclk_IBUF_inst/O
                         net (fo=1, routed)           2.076     3.568    sysclk_IBUF
    BUFGCTRL_X0Y16       BUFG (Prop_bufg_I_O)         0.101     3.669 r  sysclk_IBUF_BUFG_inst/O
                         net (fo=44, routed)          1.741     5.410    U_GCLK_SEL/sysclk_IBUF_BUFG
    SLICE_X42Y51         FDRE                                         r  U_GCLK_SEL/counter_reg[4]/C
  -------------------------------------------------------------------    -------------------
    SLICE_X42Y51         FDRE (Prop_fdre_C_Q)         0.518     5.928 r  U_GCLK_SEL/counter_reg[4]/Q
                         net (fo=2, routed)           0.998     6.926    U_GCLK_SEL/counter_reg[4]
    SLICE_X43Y51         LUT3 (Prop_lut3_I0_O)        0.124     7.050 r  U_GCLK_SEL/counter0_carry_i_4/O
                         net (fo=1, routed)           0.000     7.050    U_GCLK_SEL/counter0_carry_i_4_n_0
    SLICE_X43Y51         CARRY4 (Prop_carry4_S[2]_CO[3])
                                                      0.398     7.448 r  U_GCLK_SEL/counter0_carry/CO[3]
                         net (fo=1, routed)           0.000     7.448    U_GCLK_SEL/counter0_carry_n_0
    SLICE_X43Y52         CARRY4 (Prop_carry4_CI_CO[3])
                                                      0.114     7.562 r  U_GCLK_SEL/counter0_carry__0/CO[3]
                         net (fo=1, routed)           0.000     7.562    U_GCLK_SEL/counter0_carry__0_n_0
    SLICE_X43Y53         CARRY4 (Prop_carry4_CI_CO[3])
                                                      0.114     7.676 r  U_GCLK_SEL/counter0_carry__1/CO[3]
                         net (fo=1, routed)           0.000     7.676    U_GCLK_SEL/counter0_carry__1_n_0
    SLICE_X43Y54         CARRY4 (Prop_carry4_CI_CO[3])
                                                      0.114     7.790 r  U_GCLK_SEL/counter0_carry__2/CO[3]
                         net (fo=32, routed)          1.334     9.124    U_GCLK_SEL/clear
    SLICE_X42Y55         FDRE                                         r  U_GCLK_SEL/counter_reg[21]/R
  -------------------------------------------------------------------    -------------------

                         (clock sys_clk_pin rise edge)
                                                      8.000     8.000 r  
    K17                                               0.000     8.000 r  sysclk (IN)
                         net (fo=0)                   0.000     8.000    sysclk
    K17                  IBUF (Prop_ibuf_I_O)         1.421     9.421 r  sysclk_IBUF_inst/O
                         net (fo=1, routed)           1.880    11.301    sysclk_IBUF
    BUFGCTRL_X0Y16       BUFG (Prop_bufg_I_O)         0.091    11.392 r  sysclk_IBUF_BUFG_inst/O
                         net (fo=44, routed)          1.563    12.955    U_GCLK_SEL/sysclk_IBUF_BUFG
    SLICE_X42Y55         FDRE                                         r  U_GCLK_SEL/counter_reg[21]/C
                         clock pessimism              0.429    13.384    
                         clock uncertainty           -0.035    13.348    
    SLICE_X42Y55         FDRE (Setup_fdre_C_R)       -0.426    12.922    U_GCLK_SEL/counter_reg[21]
  -------------------------------------------------------------------
                         required time                         12.922    
                         arrival time                          -9.124    
  -------------------------------------------------------------------
                         slack                                  3.798    

Slack (MET) :             3.798ns  (required time - arrival time)
  Source:                 U_GCLK_SEL/counter_reg[4]/C
                            (rising edge-triggered cell FDRE clocked by sys_clk_pin  {rise@0.000ns fall@4.000ns period=8.000ns})
  Destination:            U_GCLK_SEL/counter_reg[22]/R
                            (rising edge-triggered cell FDRE clocked by sys_clk_pin  {rise@0.000ns fall@4.000ns period=8.000ns})
  Path Group:             sys_clk_pin
  Path Type:              Setup (Max at Slow Process Corner)
  Requirement:            8.000ns  (sys_clk_pin rise@8.000ns - sys_clk_pin rise@0.000ns)
  Data Path Delay:        3.714ns  (logic 1.382ns (37.207%)  route 2.332ns (62.793%))
  Logic Levels:           5  (CARRY4=4 LUT3=1)
  Clock Path Skew:        -0.026ns (DCD - SCD + CPR)
    Destination Clock Delay (DCD):    4.955ns = ( 12.955 - 8.000 ) 
    Source Clock Delay      (SCD):    5.410ns
    Clock Pessimism Removal (CPR):    0.429ns
  Clock Uncertainty:      0.035ns  ((TSJ^2 + TIJ^2)^1/2 + DJ) / 2 + PE
    Total System Jitter     (TSJ):    0.071ns
    Total Input Jitter      (TIJ):    0.000ns
    Discrete Jitter          (DJ):    0.000ns
    Phase Error              (PE):    0.000ns

    Location             Delay type                Incr(ns)  Path(ns)    Netlist Resource(s)
  -------------------------------------------------------------------    -------------------
                         (clock sys_clk_pin rise edge)
                                                      0.000     0.000 r  
    K17                                               0.000     0.000 r  sysclk (IN)
                         net (fo=0)                   0.000     0.000    sysclk
    K17                  IBUF (Prop_ibuf_I_O)         1.492     1.492 r  sysclk_IBUF_inst/O
                         net (fo=1, routed)           2.076     3.568    sysclk_IBUF
    BUFGCTRL_X0Y16       BUFG (Prop_bufg_I_O)         0.101     3.669 r  sysclk_IBUF_BUFG_inst/O
                         net (fo=44, routed)          1.741     5.410    U_GCLK_SEL/sysclk_IBUF_BUFG
    SLICE_X42Y51         FDRE                                         r  U_GCLK_SEL/counter_reg[4]/C
  -------------------------------------------------------------------    -------------------
    SLICE_X42Y51         FDRE (Prop_fdre_C_Q)         0.518     5.928 r  U_GCLK_SEL/counter_reg[4]/Q
                         net (fo=2, routed)           0.998     6.926    U_GCLK_SEL/counter_reg[4]
    SLICE_X43Y51         LUT3 (Prop_lut3_I0_O)        0.124     7.050 r  U_GCLK_SEL/counter0_carry_i_4/O
                         net (fo=1, routed)           0.000     7.050    U_GCLK_SEL/counter0_carry_i_4_n_0
    SLICE_X43Y51         CARRY4 (Prop_carry4_S[2]_CO[3])
                                                      0.398     7.448 r  U_GCLK_SEL/counter0_carry/CO[3]
                         net (fo=1, routed)           0.000     7.448    U_GCLK_SEL/counter0_carry_n_0
    SLICE_X43Y52         CARRY4 (Prop_carry4_CI_CO[3])
                                                      0.114     7.562 r  U_GCLK_SEL/counter0_carry__0/CO[3]
                         net (fo=1, routed)           0.000     7.562    U_GCLK_SEL/counter0_carry__0_n_0
    SLICE_X43Y53         CARRY4 (Prop_carry4_CI_CO[3])
                                                      0.114     7.676 r  U_GCLK_SEL/counter0_carry__1/CO[3]
                         net (fo=1, routed)           0.000     7.676    U_GCLK_SEL/counter0_carry__1_n_0
    SLICE_X43Y54         CARRY4 (Prop_carry4_CI_CO[3])
                                                      0.114     7.790 r  U_GCLK_SEL/counter0_carry__2/CO[3]
                         net (fo=32, routed)          1.334     9.124    U_GCLK_SEL/clear
    SLICE_X42Y55         FDRE                                         r  U_GCLK_SEL/counter_reg[22]/R
  -------------------------------------------------------------------    -------------------

                         (clock sys_clk_pin rise edge)
                                                      8.000     8.000 r  
    K17                                               0.000     8.000 r  sysclk (IN)
                         net (fo=0)                   0.000     8.000    sysclk
    K17                  IBUF (Prop_ibuf_I_O)         1.421     9.421 r  sysclk_IBUF_inst/O
                         net (fo=1, routed)           1.880    11.301    sysclk_IBUF
    BUFGCTRL_X0Y16       BUFG (Prop_bufg_I_O)         0.091    11.392 r  sysclk_IBUF_BUFG_inst/O
                         net (fo=44, routed)          1.563    12.955    U_GCLK_SEL/sysclk_IBUF_BUFG
    SLICE_X42Y55         FDRE                                         r  U_GCLK_SEL/counter_reg[22]/C
                         clock pessimism              0.429    13.384    
                         clock uncertainty           -0.035    13.348    
    SLICE_X42Y55         FDRE (Setup_fdre_C_R)       -0.426    12.922    U_GCLK_SEL/counter_reg[22]
  -------------------------------------------------------------------
                         required time                         12.922    
                         arrival time                          -9.124    
  -------------------------------------------------------------------
                         slack                                  3.798    

Slack (MET) :             3.798ns  (required time - arrival time)
  Source:                 U_GCLK_SEL/counter_reg[4]/C
                            (rising edge-triggered cell FDRE clocked by sys_clk_pin  {rise@0.000ns fall@4.000ns period=8.000ns})
  Destination:            U_GCLK_SEL/counter_reg[23]/R
                            (rising edge-triggered cell FDRE clocked by sys_clk_pin  {rise@0.000ns fall@4.000ns period=8.000ns})
  Path Group:             sys_clk_pin
  Path Type:              Setup (Max at Slow Process Corner)
  Requirement:            8.000ns  (sys_clk_pin rise@8.000ns - sys_clk_pin rise@0.000ns)
  Data Path Delay:        3.714ns  (logic 1.382ns (37.207%)  route 2.332ns (62.793%))
  Logic Levels:           5  (CARRY4=4 LUT3=1)
  Clock Path Skew:        -0.026ns (DCD - SCD + CPR)
    Destination Clock Delay (DCD):    4.955ns = ( 12.955 - 8.000 ) 
    Source Clock Delay      (SCD):    5.410ns
    Clock Pessimism Removal (CPR):    0.429ns
  Clock Uncertainty:      0.035ns  ((TSJ^2 + TIJ^2)^1/2 + DJ) / 2 + PE
    Total System Jitter     (TSJ):    0.071ns
    Total Input Jitter      (TIJ):    0.000ns
    Discrete Jitter          (DJ):    0.000ns
    Phase Error              (PE):    0.000ns

    Location             Delay type                Incr(ns)  Path(ns)    Netlist Resource(s)
  -------------------------------------------------------------------    -------------------
                         (clock sys_clk_pin rise edge)
                                                      0.000     0.000 r  
    K17                                               0.000     0.000 r  sysclk (IN)
                         net (fo=0)                   0.000     0.000    sysclk
    K17                  IBUF (Prop_ibuf_I_O)         1.492     1.492 r  sysclk_IBUF_inst/O
                         net (fo=1, routed)           2.076     3.568    sysclk_IBUF
    BUFGCTRL_X0Y16       BUFG (Prop_bufg_I_O)         0.101     3.669 r  sysclk_IBUF_BUFG_inst/O
                         net (fo=44, routed)          1.741     5.410    U_GCLK_SEL/sysclk_IBUF_BUFG
    SLICE_X42Y51         FDRE                                         r  U_GCLK_SEL/counter_reg[4]/C
  -------------------------------------------------------------------    -------------------
    SLICE_X42Y51         FDRE (Prop_fdre_C_Q)         0.518     5.928 r  U_GCLK_SEL/counter_reg[4]/Q
                         net (fo=2, routed)           0.998     6.926    U_GCLK_SEL/counter_reg[4]
    SLICE_X43Y51         LUT3 (Prop_lut3_I0_O)        0.124     7.050 r  U_GCLK_SEL/counter0_carry_i_4/O
                         net (fo=1, routed)           0.000     7.050    U_GCLK_SEL/counter0_carry_i_4_n_0
    SLICE_X43Y51         CARRY4 (Prop_carry4_S[2]_CO[3])
                                                      0.398     7.448 r  U_GCLK_SEL/counter0_carry/CO[3]
                         net (fo=1, routed)           0.000     7.448    U_GCLK_SEL/counter0_carry_n_0
    SLICE_X43Y52         CARRY4 (Prop_carry4_CI_CO[3])
                                                      0.114     7.562 r  U_GCLK_SEL/counter0_carry__0/CO[3]
                         net (fo=1, routed)           0.000     7.562    U_GCLK_SEL/counter0_carry__0_n_0
    SLICE_X43Y53         CARRY4 (Prop_carry4_CI_CO[3])
                                                      0.114     7.676 r  U_GCLK_SEL/counter0_carry__1/CO[3]
                         net (fo=1, routed)           0.000     7.676    U_GCLK_SEL/counter0_carry__1_n_0
    SLICE_X43Y54         CARRY4 (Prop_carry4_CI_CO[3])
                                                      0.114     7.790 r  U_GCLK_SEL/counter0_carry__2/CO[3]
                         net (fo=32, routed)          1.334     9.124    U_GCLK_SEL/clear
    SLICE_X42Y55         FDRE                                         r  U_GCLK_SEL/counter_reg[23]/R
  -------------------------------------------------------------------    -------------------

                         (clock sys_clk_pin rise edge)
                                                      8.000     8.000 r  
    K17                                               0.000     8.000 r  sysclk (IN)
                         net (fo=0)                   0.000     8.000    sysclk
    K17                  IBUF (Prop_ibuf_I_O)         1.421     9.421 r  sysclk_IBUF_inst/O
                         net (fo=1, routed)           1.880    11.301    sysclk_IBUF
    BUFGCTRL_X0Y16       BUFG (Prop_bufg_I_O)         0.091    11.392 r  sysclk_IBUF_BUFG_inst/O
                         net (fo=44, routed)          1.563    12.955    U_GCLK_SEL/sysclk_IBUF_BUFG
    SLICE_X42Y55         FDRE                                         r  U_GCLK_SEL/counter_reg[23]/C
                         clock pessimism              0.429    13.384    
                         clock uncertainty           -0.035    13.348    
    SLICE_X42Y55         FDRE (Setup_fdre_C_R)       -0.426    12.922    U_GCLK_SEL/counter_reg[23]
  -------------------------------------------------------------------
                         required time                         12.922    
                         arrival time                          -9.124    
  -------------------------------------------------------------------
                         slack                                  3.798    

Slack (MET) :             3.806ns  (required time - arrival time)
  Source:                 U_GCLK_SEL/counter_reg[4]/C
                            (rising edge-triggered cell FDRE clocked by sys_clk_pin  {rise@0.000ns fall@4.000ns period=8.000ns})
  Destination:            U_GCLK_SEL/counter_reg[28]/R
                            (rising edge-triggered cell FDRE clocked by sys_clk_pin  {rise@0.000ns fall@4.000ns period=8.000ns})
  Path Group:             sys_clk_pin
  Path Type:              Setup (Max at Slow Process Corner)
  Requirement:            8.000ns  (sys_clk_pin rise@8.000ns - sys_clk_pin rise@0.000ns)
  Data Path Delay:        3.705ns  (logic 1.382ns (37.297%)  route 2.323ns (62.703%))
  Logic Levels:           5  (CARRY4=4 LUT3=1)
  Clock Path Skew:        -0.027ns (DCD - SCD + CPR)
    Destination Clock Delay (DCD):    4.954ns = ( 12.954 - 8.000 ) 
    Source Clock Delay      (SCD):    5.410ns
    Clock Pessimism Removal (CPR):    0.429ns
  Clock Uncertainty:      0.035ns  ((TSJ^2 + TIJ^2)^1/2 + DJ) / 2 + PE
    Total System Jitter     (TSJ):    0.071ns
    Total Input Jitter      (TIJ):    0.000ns
    Discrete Jitter          (DJ):    0.000ns
    Phase Error              (PE):    0.000ns

    Location             Delay type                Incr(ns)  Path(ns)    Netlist Resource(s)
  -------------------------------------------------------------------    -------------------
                         (clock sys_clk_pin rise edge)
                                                      0.000     0.000 r  
    K17                                               0.000     0.000 r  sysclk (IN)
                         net (fo=0)                   0.000     0.000    sysclk
    K17                  IBUF (Prop_ibuf_I_O)         1.492     1.492 r  sysclk_IBUF_inst/O
                         net (fo=1, routed)           2.076     3.568    sysclk_IBUF
    BUFGCTRL_X0Y16       BUFG (Prop_bufg_I_O)         0.101     3.669 r  sysclk_IBUF_BUFG_inst/O
                         net (fo=44, routed)          1.741     5.410    U_GCLK_SEL/sysclk_IBUF_BUFG
    SLICE_X42Y51         FDRE                                         r  U_GCLK_SEL/counter_reg[4]/C
  -------------------------------------------------------------------    -------------------
    SLICE_X42Y51         FDRE (Prop_fdre_C_Q)         0.518     5.928 r  U_GCLK_SEL/counter_reg[4]/Q
                         net (fo=2, routed)           0.998     6.926    U_GCLK_SEL/counter_reg[4]
    SLICE_X43Y51         LUT3 (Prop_lut3_I0_O)        0.124     7.050 r  U_GCLK_SEL/counter0_carry_i_4/O
                         net (fo=1, routed)           0.000     7.050    U_GCLK_SEL/counter0_carry_i_4_n_0
    SLICE_X43Y51         CARRY4 (Prop_carry4_S[2]_CO[3])
                                                      0.398     7.448 r  U_GCLK_SEL/counter0_carry/CO[3]
                         net (fo=1, routed)           0.000     7.448    U_GCLK_SEL/counter0_carry_n_0
    SLICE_X43Y52         CARRY4 (Prop_carry4_CI_CO[3])
                                                      0.114     7.562 r  U_GCLK_SEL/counter0_carry__0/CO[3]
                         net (fo=1, routed)           0.000     7.562    U_GCLK_SEL/counter0_carry__0_n_0
    SLICE_X43Y53         CARRY4 (Prop_carry4_CI_CO[3])
                                                      0.114     7.676 r  U_GCLK_SEL/counter0_carry__1/CO[3]
                         net (fo=1, routed)           0.000     7.676    U_GCLK_SEL/counter0_carry__1_n_0
    SLICE_X43Y54         CARRY4 (Prop_carry4_CI_CO[3])
                                                      0.114     7.790 r  U_GCLK_SEL/counter0_carry__2/CO[3]
                         net (fo=32, routed)          1.325     9.115    U_GCLK_SEL/clear
    SLICE_X42Y57         FDRE                                         r  U_GCLK_SEL/counter_reg[28]/R
  -------------------------------------------------------------------    -------------------

                         (clock sys_clk_pin rise edge)
                                                      8.000     8.000 r  
    K17                                               0.000     8.000 r  sysclk (IN)
                         net (fo=0)                   0.000     8.000    sysclk
    K17                  IBUF (Prop_ibuf_I_O)         1.421     9.421 r  sysclk_IBUF_inst/O
                         net (fo=1, routed)           1.880    11.301    sysclk_IBUF
    BUFGCTRL_X0Y16       BUFG (Prop_bufg_I_O)         0.091    11.392 r  sysclk_IBUF_BUFG_inst/O
                         net (fo=44, routed)          1.562    12.954    U_GCLK_SEL/sysclk_IBUF_BUFG
    SLICE_X42Y57         FDRE                                         r  U_GCLK_SEL/counter_reg[28]/C
                         clock pessimism              0.429    13.383    
                         clock uncertainty           -0.035    13.347    
    SLICE_X42Y57         FDRE (Setup_fdre_C_R)       -0.426    12.921    U_GCLK_SEL/counter_reg[28]
  -------------------------------------------------------------------
                         required time                         12.921    
                         arrival time                          -9.115    
  -------------------------------------------------------------------
                         slack                                  3.806    

Slack (MET) :             3.806ns  (required time - arrival time)
  Source:                 U_GCLK_SEL/counter_reg[4]/C
                            (rising edge-triggered cell FDRE clocked by sys_clk_pin  {rise@0.000ns fall@4.000ns period=8.000ns})
  Destination:            U_GCLK_SEL/counter_reg[29]/R
                            (rising edge-triggered cell FDRE clocked by sys_clk_pin  {rise@0.000ns fall@4.000ns period=8.000ns})
  Path Group:             sys_clk_pin
  Path Type:              Setup (Max at Slow Process Corner)
  Requirement:            8.000ns  (sys_clk_pin rise@8.000ns - sys_clk_pin rise@0.000ns)
  Data Path Delay:        3.705ns  (logic 1.382ns (37.297%)  route 2.323ns (62.703%))
  Logic Levels:           5  (CARRY4=4 LUT3=1)
  Clock Path Skew:        -0.027ns (DCD - SCD + CPR)
    Destination Clock Delay (DCD):    4.954ns = ( 12.954 - 8.000 ) 
    Source Clock Delay      (SCD):    5.410ns
    Clock Pessimism Removal (CPR):    0.429ns
  Clock Uncertainty:      0.035ns  ((TSJ^2 + TIJ^2)^1/2 + DJ) / 2 + PE
    Total System Jitter     (TSJ):    0.071ns
    Total Input Jitter      (TIJ):    0.000ns
    Discrete Jitter          (DJ):    0.000ns
    Phase Error              (PE):    0.000ns

    Location             Delay type                Incr(ns)  Path(ns)    Netlist Resource(s)
  -------------------------------------------------------------------    -------------------
                         (clock sys_clk_pin rise edge)
                                                      0.000     0.000 r  
    K17                                               0.000     0.000 r  sysclk (IN)
                         net (fo=0)                   0.000     0.000    sysclk
    K17                  IBUF (Prop_ibuf_I_O)         1.492     1.492 r  sysclk_IBUF_inst/O
                         net (fo=1, routed)           2.076     3.568    sysclk_IBUF
    BUFGCTRL_X0Y16       BUFG (Prop_bufg_I_O)         0.101     3.669 r  sysclk_IBUF_BUFG_inst/O
                         net (fo=44, routed)          1.741     5.410    U_GCLK_SEL/sysclk_IBUF_BUFG
    SLICE_X42Y51         FDRE                                         r  U_GCLK_SEL/counter_reg[4]/C
  -------------------------------------------------------------------    -------------------
    SLICE_X42Y51         FDRE (Prop_fdre_C_Q)         0.518     5.928 r  U_GCLK_SEL/counter_reg[4]/Q
                         net (fo=2, routed)           0.998     6.926    U_GCLK_SEL/counter_reg[4]
    SLICE_X43Y51         LUT3 (Prop_lut3_I0_O)        0.124     7.050 r  U_GCLK_SEL/counter0_carry_i_4/O
                         net (fo=1, routed)           0.000     7.050    U_GCLK_SEL/counter0_carry_i_4_n_0
    SLICE_X43Y51         CARRY4 (Prop_carry4_S[2]_CO[3])
                                                      0.398     7.448 r  U_GCLK_SEL/counter0_carry/CO[3]
                         net (fo=1, routed)           0.000     7.448    U_GCLK_SEL/counter0_carry_n_0
    SLICE_X43Y52         CARRY4 (Prop_carry4_CI_CO[3])
                                                      0.114     7.562 r  U_GCLK_SEL/counter0_carry__0/CO[3]
                         net (fo=1, routed)           0.000     7.562    U_GCLK_SEL/counter0_carry__0_n_0
    SLICE_X43Y53         CARRY4 (Prop_carry4_CI_CO[3])
                                                      0.114     7.676 r  U_GCLK_SEL/counter0_carry__1/CO[3]
                         net (fo=1, routed)           0.000     7.676    U_GCLK_SEL/counter0_carry__1_n_0
    SLICE_X43Y54         CARRY4 (Prop_carry4_CI_CO[3])
                                                      0.114     7.790 r  U_GCLK_SEL/counter0_carry__2/CO[3]
                         net (fo=32, routed)          1.325     9.115    U_GCLK_SEL/clear
    SLICE_X42Y57         FDRE                                         r  U_GCLK_SEL/counter_reg[29]/R
  -------------------------------------------------------------------    -------------------

                         (clock sys_clk_pin rise edge)
                                                      8.000     8.000 r  
    K17                                               0.000     8.000 r  sysclk (IN)
                         net (fo=0)                   0.000     8.000    sysclk
    K17                  IBUF (Prop_ibuf_I_O)         1.421     9.421 r  sysclk_IBUF_inst/O
                         net (fo=1, routed)           1.880    11.301    sysclk_IBUF
    BUFGCTRL_X0Y16       BUFG (Prop_bufg_I_O)         0.091    11.392 r  sysclk_IBUF_BUFG_inst/O
                         net (fo=44, routed)          1.562    12.954    U_GCLK_SEL/sysclk_IBUF_BUFG
    SLICE_X42Y57         FDRE                                         r  U_GCLK_SEL/counter_reg[29]/C
                         clock pessimism              0.429    13.383    
                         clock uncertainty           -0.035    13.347    
    SLICE_X42Y57         FDRE (Setup_fdre_C_R)       -0.426    12.921    U_GCLK_SEL/counter_reg[29]
  -------------------------------------------------------------------
                         required time                         12.921    
                         arrival time                          -9.115    
  -------------------------------------------------------------------
                         slack                                  3.806    

Slack (MET) :             3.806ns  (required time - arrival time)
  Source:                 U_GCLK_SEL/counter_reg[4]/C
                            (rising edge-triggered cell FDRE clocked by sys_clk_pin  {rise@0.000ns fall@4.000ns period=8.000ns})
  Destination:            U_GCLK_SEL/counter_reg[30]/R
                            (rising edge-triggered cell FDRE clocked by sys_clk_pin  {rise@0.000ns fall@4.000ns period=8.000ns})
  Path Group:             sys_clk_pin
  Path Type:              Setup (Max at Slow Process Corner)
  Requirement:            8.000ns  (sys_clk_pin rise@8.000ns - sys_clk_pin rise@0.000ns)
  Data Path Delay:        3.705ns  (logic 1.382ns (37.297%)  route 2.323ns (62.703%))
  Logic Levels:           5  (CARRY4=4 LUT3=1)
  Clock Path Skew:        -0.027ns (DCD - SCD + CPR)
    Destination Clock Delay (DCD):    4.954ns = ( 12.954 - 8.000 ) 
    Source Clock Delay      (SCD):    5.410ns
    Clock Pessimism Removal (CPR):    0.429ns
  Clock Uncertainty:      0.035ns  ((TSJ^2 + TIJ^2)^1/2 + DJ) / 2 + PE
    Total System Jitter     (TSJ):    0.071ns
    Total Input Jitter      (TIJ):    0.000ns
    Discrete Jitter          (DJ):    0.000ns
    Phase Error              (PE):    0.000ns

    Location             Delay type                Incr(ns)  Path(ns)    Netlist Resource(s)
  -------------------------------------------------------------------    -------------------
                         (clock sys_clk_pin rise edge)
                                                      0.000     0.000 r  
    K17                                               0.000     0.000 r  sysclk (IN)
                         net (fo=0)                   0.000     0.000    sysclk
    K17                  IBUF (Prop_ibuf_I_O)         1.492     1.492 r  sysclk_IBUF_inst/O
                         net (fo=1, routed)           2.076     3.568    sysclk_IBUF
    BUFGCTRL_X0Y16       BUFG (Prop_bufg_I_O)         0.101     3.669 r  sysclk_IBUF_BUFG_inst/O
                         net (fo=44, routed)          1.741     5.410    U_GCLK_SEL/sysclk_IBUF_BUFG
    SLICE_X42Y51         FDRE                                         r  U_GCLK_SEL/counter_reg[4]/C
  -------------------------------------------------------------------    -------------------
    SLICE_X42Y51         FDRE (Prop_fdre_C_Q)         0.518     5.928 r  U_GCLK_SEL/counter_reg[4]/Q
                         net (fo=2, routed)           0.998     6.926    U_GCLK_SEL/counter_reg[4]
    SLICE_X43Y51         LUT3 (Prop_lut3_I0_O)        0.124     7.050 r  U_GCLK_SEL/counter0_carry_i_4/O
                         net (fo=1, routed)           0.000     7.050    U_GCLK_SEL/counter0_carry_i_4_n_0
    SLICE_X43Y51         CARRY4 (Prop_carry4_S[2]_CO[3])
                                                      0.398     7.448 r  U_GCLK_SEL/counter0_carry/CO[3]
                         net (fo=1, routed)           0.000     7.448    U_GCLK_SEL/counter0_carry_n_0
    SLICE_X43Y52         CARRY4 (Prop_carry4_CI_CO[3])
                                                      0.114     7.562 r  U_GCLK_SEL/counter0_carry__0/CO[3]
                         net (fo=1, routed)           0.000     7.562    U_GCLK_SEL/counter0_carry__0_n_0
    SLICE_X43Y53         CARRY4 (Prop_carry4_CI_CO[3])
                                                      0.114     7.676 r  U_GCLK_SEL/counter0_carry__1/CO[3]
                         net (fo=1, routed)           0.000     7.676    U_GCLK_SEL/counter0_carry__1_n_0
    SLICE_X43Y54         CARRY4 (Prop_carry4_CI_CO[3])
                                                      0.114     7.790 r  U_GCLK_SEL/counter0_carry__2/CO[3]
                         net (fo=32, routed)          1.325     9.115    U_GCLK_SEL/clear
    SLICE_X42Y57         FDRE                                         r  U_GCLK_SEL/counter_reg[30]/R
  -------------------------------------------------------------------    -------------------

                         (clock sys_clk_pin rise edge)
                                                      8.000     8.000 r  
    K17                                               0.000     8.000 r  sysclk (IN)
                         net (fo=0)                   0.000     8.000    sysclk
    K17                  IBUF (Prop_ibuf_I_O)         1.421     9.421 r  sysclk_IBUF_inst/O
                         net (fo=1, routed)           1.880    11.301    sysclk_IBUF
    BUFGCTRL_X0Y16       BUFG (Prop_bufg_I_O)         0.091    11.392 r  sysclk_IBUF_BUFG_inst/O
                         net (fo=44, routed)          1.562    12.954    U_GCLK_SEL/sysclk_IBUF_BUFG
    SLICE_X42Y57         FDRE                                         r  U_GCLK_SEL/counter_reg[30]/C
                         clock pessimism              0.429    13.383    
                         clock uncertainty           -0.035    13.347    
    SLICE_X42Y57         FDRE (Setup_fdre_C_R)       -0.426    12.921    U_GCLK_SEL/counter_reg[30]
  -------------------------------------------------------------------
                         required time                         12.921    
                         arrival time                          -9.115    
  -------------------------------------------------------------------
                         slack                                  3.806    

Slack (MET) :             3.971ns  (required time - arrival time)
  Source:                 U_GCLK_SEL/counter_reg[4]/C
                            (rising edge-triggered cell FDRE clocked by sys_clk_pin  {rise@0.000ns fall@4.000ns period=8.000ns})
  Destination:            U_GCLK_SEL/counter_reg[24]/R
                            (rising edge-triggered cell FDRE clocked by sys_clk_pin  {rise@0.000ns fall@4.000ns period=8.000ns})
  Path Group:             sys_clk_pin
  Path Type:              Setup (Max at Slow Process Corner)
  Requirement:            8.000ns  (sys_clk_pin rise@8.000ns - sys_clk_pin rise@0.000ns)
  Data Path Delay:        3.542ns  (logic 1.382ns (39.022%)  route 2.160ns (60.978%))
  Logic Levels:           5  (CARRY4=4 LUT3=1)
  Clock Path Skew:        -0.026ns (DCD - SCD + CPR)
    Destination Clock Delay (DCD):    4.955ns = ( 12.955 - 8.000 ) 
    Source Clock Delay      (SCD):    5.410ns
    Clock Pessimism Removal (CPR):    0.429ns
  Clock Uncertainty:      0.035ns  ((TSJ^2 + TIJ^2)^1/2 + DJ) / 2 + PE
    Total System Jitter     (TSJ):    0.071ns
    Total Input Jitter      (TIJ):    0.000ns
    Discrete Jitter          (DJ):    0.000ns
    Phase Error              (PE):    0.000ns

    Location             Delay type                Incr(ns)  Path(ns)    Netlist Resource(s)
  -------------------------------------------------------------------    -------------------
                         (clock sys_clk_pin rise edge)
                                                      0.000     0.000 r  
    K17                                               0.000     0.000 r  sysclk (IN)
                         net (fo=0)                   0.000     0.000    sysclk
    K17                  IBUF (Prop_ibuf_I_O)         1.492     1.492 r  sysclk_IBUF_inst/O
                         net (fo=1, routed)           2.076     3.568    sysclk_IBUF
    BUFGCTRL_X0Y16       BUFG (Prop_bufg_I_O)         0.101     3.669 r  sysclk_IBUF_BUFG_inst/O
                         net (fo=44, routed)          1.741     5.410    U_GCLK_SEL/sysclk_IBUF_BUFG
    SLICE_X42Y51         FDRE                                         r  U_GCLK_SEL/counter_reg[4]/C
  -------------------------------------------------------------------    -------------------
    SLICE_X42Y51         FDRE (Prop_fdre_C_Q)         0.518     5.928 r  U_GCLK_SEL/counter_reg[4]/Q
                         net (fo=2, routed)           0.998     6.926    U_GCLK_SEL/counter_reg[4]
    SLICE_X43Y51         LUT3 (Prop_lut3_I0_O)        0.124     7.050 r  U_GCLK_SEL/counter0_carry_i_4/O
                         net (fo=1, routed)           0.000     7.050    U_GCLK_SEL/counter0_carry_i_4_n_0
    SLICE_X43Y51         CARRY4 (Prop_carry4_S[2]_CO[3])
                                                      0.398     7.448 r  U_GCLK_SEL/counter0_carry/CO[3]
                         net (fo=1, routed)           0.000     7.448    U_GCLK_SEL/counter0_carry_n_0
    SLICE_X43Y52         CARRY4 (Prop_carry4_CI_CO[3])
                                                      0.114     7.562 r  U_GCLK_SEL/counter0_carry__0/CO[3]
                         net (fo=1, routed)           0.000     7.562    U_GCLK_SEL/counter0_carry__0_n_0
    SLICE_X43Y53         CARRY4 (Prop_carry4_CI_CO[3])
                                                      0.114     7.676 r  U_GCLK_SEL/counter0_carry__1/CO[3]
                         net (fo=1, routed)           0.000     7.676    U_GCLK_SEL/counter0_carry__1_n_0
    SLICE_X43Y54         CARRY4 (Prop_carry4_CI_CO[3])
                                                      0.114     7.790 r  U_GCLK_SEL/counter0_carry__2/CO[3]
                         net (fo=32, routed)          1.162     8.951    U_GCLK_SEL/clear
    SLICE_X42Y56         FDRE                                         r  U_GCLK_SEL/counter_reg[24]/R
  -------------------------------------------------------------------    -------------------

                         (clock sys_clk_pin rise edge)
                                                      8.000     8.000 r  
    K17                                               0.000     8.000 r  sysclk (IN)
                         net (fo=0)                   0.000     8.000    sysclk
    K17                  IBUF (Prop_ibuf_I_O)         1.421     9.421 r  sysclk_IBUF_inst/O
                         net (fo=1, routed)           1.880    11.301    sysclk_IBUF
    BUFGCTRL_X0Y16       BUFG (Prop_bufg_I_O)         0.091    11.392 r  sysclk_IBUF_BUFG_inst/O
                         net (fo=44, routed)          1.563    12.955    U_GCLK_SEL/sysclk_IBUF_BUFG
    SLICE_X42Y56         FDRE                                         r  U_GCLK_SEL/counter_reg[24]/C
                         clock pessimism              0.429    13.384    
                         clock uncertainty           -0.035    13.348    
    SLICE_X42Y56         FDRE (Setup_fdre_C_R)       -0.426    12.922    U_GCLK_SEL/counter_reg[24]
  -------------------------------------------------------------------
                         required time                         12.922    
                         arrival time                          -8.951    
  -------------------------------------------------------------------
                         slack                                  3.971    

Slack (MET) :             3.971ns  (required time - arrival time)
  Source:                 U_GCLK_SEL/counter_reg[4]/C
                            (rising edge-triggered cell FDRE clocked by sys_clk_pin  {rise@0.000ns fall@4.000ns period=8.000ns})
  Destination:            U_GCLK_SEL/counter_reg[25]/R
                            (rising edge-triggered cell FDRE clocked by sys_clk_pin  {rise@0.000ns fall@4.000ns period=8.000ns})
  Path Group:             sys_clk_pin
  Path Type:              Setup (Max at Slow Process Corner)
  Requirement:            8.000ns  (sys_clk_pin rise@8.000ns - sys_clk_pin rise@0.000ns)
  Data Path Delay:        3.542ns  (logic 1.382ns (39.022%)  route 2.160ns (60.978%))
  Logic Levels:           5  (CARRY4=4 LUT3=1)
  Clock Path Skew:        -0.026ns (DCD - SCD + CPR)
    Destination Clock Delay (DCD):    4.955ns = ( 12.955 - 8.000 ) 
    Source Clock Delay      (SCD):    5.410ns
    Clock Pessimism Removal (CPR):    0.429ns
  Clock Uncertainty:      0.035ns  ((TSJ^2 + TIJ^2)^1/2 + DJ) / 2 + PE
    Total System Jitter     (TSJ):    0.071ns
    Total Input Jitter      (TIJ):    0.000ns
    Discrete Jitter          (DJ):    0.000ns
    Phase Error              (PE):    0.000ns

    Location             Delay type                Incr(ns)  Path(ns)    Netlist Resource(s)
  -------------------------------------------------------------------    -------------------
                         (clock sys_clk_pin rise edge)
                                                      0.000     0.000 r  
    K17                                               0.000     0.000 r  sysclk (IN)
                         net (fo=0)                   0.000     0.000    sysclk
    K17                  IBUF (Prop_ibuf_I_O)         1.492     1.492 r  sysclk_IBUF_inst/O
                         net (fo=1, routed)           2.076     3.568    sysclk_IBUF
    BUFGCTRL_X0Y16       BUFG (Prop_bufg_I_O)         0.101     3.669 r  sysclk_IBUF_BUFG_inst/O
                         net (fo=44, routed)          1.741     5.410    U_GCLK_SEL/sysclk_IBUF_BUFG
    SLICE_X42Y51         FDRE                                         r  U_GCLK_SEL/counter_reg[4]/C
  -------------------------------------------------------------------    -------------------
    SLICE_X42Y51         FDRE (Prop_fdre_C_Q)         0.518     5.928 r  U_GCLK_SEL/counter_reg[4]/Q
                         net (fo=2, routed)           0.998     6.926    U_GCLK_SEL/counter_reg[4]
    SLICE_X43Y51         LUT3 (Prop_lut3_I0_O)        0.124     7.050 r  U_GCLK_SEL/counter0_carry_i_4/O
                         net (fo=1, routed)           0.000     7.050    U_GCLK_SEL/counter0_carry_i_4_n_0
    SLICE_X43Y51         CARRY4 (Prop_carry4_S[2]_CO[3])
                                                      0.398     7.448 r  U_GCLK_SEL/counter0_carry/CO[3]
                         net (fo=1, routed)           0.000     7.448    U_GCLK_SEL/counter0_carry_n_0
    SLICE_X43Y52         CARRY4 (Prop_carry4_CI_CO[3])
                                                      0.114     7.562 r  U_GCLK_SEL/counter0_carry__0/CO[3]
                         net (fo=1, routed)           0.000     7.562    U_GCLK_SEL/counter0_carry__0_n_0
    SLICE_X43Y53         CARRY4 (Prop_carry4_CI_CO[3])
                                                      0.114     7.676 r  U_GCLK_SEL/counter0_carry__1/CO[3]
                         net (fo=1, routed)           0.000     7.676    U_GCLK_SEL/counter0_carry__1_n_0
    SLICE_X43Y54         CARRY4 (Prop_carry4_CI_CO[3])
                                                      0.114     7.790 r  U_GCLK_SEL/counter0_carry__2/CO[3]
                         net (fo=32, routed)          1.162     8.951    U_GCLK_SEL/clear
    SLICE_X42Y56         FDRE                                         r  U_GCLK_SEL/counter_reg[25]/R
  -------------------------------------------------------------------    -------------------

                         (clock sys_clk_pin rise edge)
                                                      8.000     8.000 r  
    K17                                               0.000     8.000 r  sysclk (IN)
                         net (fo=0)                   0.000     8.000    sysclk
    K17                  IBUF (Prop_ibuf_I_O)         1.421     9.421 r  sysclk_IBUF_inst/O
                         net (fo=1, routed)           1.880    11.301    sysclk_IBUF
    BUFGCTRL_X0Y16       BUFG (Prop_bufg_I_O)         0.091    11.392 r  sysclk_IBUF_BUFG_inst/O
                         net (fo=44, routed)          1.563    12.955    U_GCLK_SEL/sysclk_IBUF_BUFG
    SLICE_X42Y56         FDRE                                         r  U_GCLK_SEL/counter_reg[25]/C
                         clock pessimism              0.429    13.384    
                         clock uncertainty           -0.035    13.348    
    SLICE_X42Y56         FDRE (Setup_fdre_C_R)       -0.426    12.922    U_GCLK_SEL/counter_reg[25]
  -------------------------------------------------------------------
                         required time                         12.922    
                         arrival time                          -8.951    
  -------------------------------------------------------------------
                         slack                                  3.971    

Slack (MET) :             3.971ns  (required time - arrival time)
  Source:                 U_GCLK_SEL/counter_reg[4]/C
                            (rising edge-triggered cell FDRE clocked by sys_clk_pin  {rise@0.000ns fall@4.000ns period=8.000ns})
  Destination:            U_GCLK_SEL/counter_reg[26]/R
                            (rising edge-triggered cell FDRE clocked by sys_clk_pin  {rise@0.000ns fall@4.000ns period=8.000ns})
  Path Group:             sys_clk_pin
  Path Type:              Setup (Max at Slow Process Corner)
  Requirement:            8.000ns  (sys_clk_pin rise@8.000ns - sys_clk_pin rise@0.000ns)
  Data Path Delay:        3.542ns  (logic 1.382ns (39.022%)  route 2.160ns (60.978%))
  Logic Levels:           5  (CARRY4=4 LUT3=1)
  Clock Path Skew:        -0.026ns (DCD - SCD + CPR)
    Destination Clock Delay (DCD):    4.955ns = ( 12.955 - 8.000 ) 
    Source Clock Delay      (SCD):    5.410ns
    Clock Pessimism Removal (CPR):    0.429ns
  Clock Uncertainty:      0.035ns  ((TSJ^2 + TIJ^2)^1/2 + DJ) / 2 + PE
    Total System Jitter     (TSJ):    0.071ns
    Total Input Jitter      (TIJ):    0.000ns
    Discrete Jitter          (DJ):    0.000ns
    Phase Error              (PE):    0.000ns

    Location             Delay type                Incr(ns)  Path(ns)    Netlist Resource(s)
  -------------------------------------------------------------------    -------------------
                         (clock sys_clk_pin rise edge)
                                                      0.000     0.000 r  
    K17                                               0.000     0.000 r  sysclk (IN)
                         net (fo=0)                   0.000     0.000    sysclk
    K17                  IBUF (Prop_ibuf_I_O)         1.492     1.492 r  sysclk_IBUF_inst/O
                         net (fo=1, routed)           2.076     3.568    sysclk_IBUF
    BUFGCTRL_X0Y16       BUFG (Prop_bufg_I_O)         0.101     3.669 r  sysclk_IBUF_BUFG_inst/O
                         net (fo=44, routed)          1.741     5.410    U_GCLK_SEL/sysclk_IBUF_BUFG
    SLICE_X42Y51         FDRE                                         r  U_GCLK_SEL/counter_reg[4]/C
  -------------------------------------------------------------------    -------------------
    SLICE_X42Y51         FDRE (Prop_fdre_C_Q)         0.518     5.928 r  U_GCLK_SEL/counter_reg[4]/Q
                         net (fo=2, routed)           0.998     6.926    U_GCLK_SEL/counter_reg[4]
    SLICE_X43Y51         LUT3 (Prop_lut3_I0_O)        0.124     7.050 r  U_GCLK_SEL/counter0_carry_i_4/O
                         net (fo=1, routed)           0.000     7.050    U_GCLK_SEL/counter0_carry_i_4_n_0
    SLICE_X43Y51         CARRY4 (Prop_carry4_S[2]_CO[3])
                                                      0.398     7.448 r  U_GCLK_SEL/counter0_carry/CO[3]
                         net (fo=1, routed)           0.000     7.448    U_GCLK_SEL/counter0_carry_n_0
    SLICE_X43Y52         CARRY4 (Prop_carry4_CI_CO[3])
                                                      0.114     7.562 r  U_GCLK_SEL/counter0_carry__0/CO[3]
                         net (fo=1, routed)           0.000     7.562    U_GCLK_SEL/counter0_carry__0_n_0
    SLICE_X43Y53         CARRY4 (Prop_carry4_CI_CO[3])
                                                      0.114     7.676 r  U_GCLK_SEL/counter0_carry__1/CO[3]
                         net (fo=1, routed)           0.000     7.676    U_GCLK_SEL/counter0_carry__1_n_0
    SLICE_X43Y54         CARRY4 (Prop_carry4_CI_CO[3])
                                                      0.114     7.790 r  U_GCLK_SEL/counter0_carry__2/CO[3]
                         net (fo=32, routed)          1.162     8.951    U_GCLK_SEL/clear
    SLICE_X42Y56         FDRE                                         r  U_GCLK_SEL/counter_reg[26]/R
  -------------------------------------------------------------------    -------------------

                         (clock sys_clk_pin rise edge)
                                                      8.000     8.000 r  
    K17                                               0.000     8.000 r  sysclk (IN)
                         net (fo=0)                   0.000     8.000    sysclk
    K17                  IBUF (Prop_ibuf_I_O)         1.421     9.421 r  sysclk_IBUF_inst/O
                         net (fo=1, routed)           1.880    11.301    sysclk_IBUF
    BUFGCTRL_X0Y16       BUFG (Prop_bufg_I_O)         0.091    11.392 r  sysclk_IBUF_BUFG_inst/O
                         net (fo=44, routed)          1.563    12.955    U_GCLK_SEL/sysclk_IBUF_BUFG
    SLICE_X42Y56         FDRE                                         r  U_GCLK_SEL/counter_reg[26]/C
                         clock pessimism              0.429    13.384    
                         clock uncertainty           -0.035    13.348    
    SLICE_X42Y56         FDRE (Setup_fdre_C_R)       -0.426    12.922    U_GCLK_SEL/counter_reg[26]
  -------------------------------------------------------------------
                         required time                         12.922    
                         arrival time                          -8.951    
  -------------------------------------------------------------------
                         slack                                  3.971    





Min Delay Paths
--------------------------------------------------------------------------------------
Slack (MET) :             0.152ns  (arrival time - required time)
  Source:                 U_GCLK_SEL/tick_reg/C
                            (rising edge-triggered cell FDRE clocked by sys_clk_pin  {rise@0.000ns fall@4.000ns period=8.000ns})
  Destination:            U_RAND_SEC/sr_reg[0]/CE
                            (rising edge-triggered cell FDRE clocked by sys_clk_pin  {rise@0.000ns fall@4.000ns period=8.000ns})
  Path Group:             sys_clk_pin
  Path Type:              Hold (Min at Fast Process Corner)
  Requirement:            0.000ns  (sys_clk_pin rise@0.000ns - sys_clk_pin rise@0.000ns)
  Data Path Delay:        0.389ns  (logic 0.141ns (36.261%)  route 0.248ns (63.739%))
  Logic Levels:           0  
  Clock Path Skew:        0.276ns (DCD - SCD - CPR)
    Destination Clock Delay (DCD):    2.023ns
    Source Clock Delay      (SCD):    1.500ns
    Clock Pessimism Removal (CPR):    0.247ns

    Location             Delay type                Incr(ns)  Path(ns)    Netlist Resource(s)
  -------------------------------------------------------------------    -------------------
                         (clock sys_clk_pin rise edge)
                                                      0.000     0.000 r  
    K17                                               0.000     0.000 r  sysclk (IN)
                         net (fo=0)                   0.000     0.000    sysclk
    K17                  IBUF (Prop_ibuf_I_O)         0.259     0.259 r  sysclk_IBUF_inst/O
                         net (fo=1, routed)           0.627     0.887    sysclk_IBUF
    BUFGCTRL_X0Y16       BUFG (Prop_bufg_I_O)         0.026     0.913 r  sysclk_IBUF_BUFG_inst/O
                         net (fo=44, routed)          0.588     1.500    U_GCLK_SEL/sysclk_IBUF_BUFG
    SLICE_X43Y54         FDRE                                         r  U_GCLK_SEL/tick_reg/C
  -------------------------------------------------------------------    -------------------
    SLICE_X43Y54         FDRE (Prop_fdre_C_Q)         0.141     1.641 r  U_GCLK_SEL/tick_reg/Q
                         net (fo=8, routed)           0.248     1.889    U_RAND_SEC/sig_tick
    SLICE_X40Y47         FDRE                                         r  U_RAND_SEC/sr_reg[0]/CE
  -------------------------------------------------------------------    -------------------

                         (clock sys_clk_pin rise edge)
                                                      0.000     0.000 r  
    K17                                               0.000     0.000 r  sysclk (IN)
                         net (fo=0)                   0.000     0.000    sysclk
    K17                  IBUF (Prop_ibuf_I_O)         0.447     0.447 r  sysclk_IBUF_inst/O
                         net (fo=1, routed)           0.683     1.130    sysclk_IBUF
    BUFGCTRL_X0Y16       BUFG (Prop_bufg_I_O)         0.029     1.159 r  sysclk_IBUF_BUFG_inst/O
                         net (fo=44, routed)          0.864     2.023    U_RAND_SEC/sysclk_IBUF_BUFG
    SLICE_X40Y47         FDRE                                         r  U_RAND_SEC/sr_reg[0]/C
                         clock pessimism             -0.247     1.777    
    SLICE_X40Y47         FDRE (Hold_fdre_C_CE)       -0.039     1.738    U_RAND_SEC/sr_reg[0]
  -------------------------------------------------------------------
                         required time                         -1.738    
                         arrival time                           1.889    
  -------------------------------------------------------------------
                         slack                                  0.152    

Slack (MET) :             0.152ns  (arrival time - required time)
  Source:                 U_GCLK_SEL/tick_reg/C
                            (rising edge-triggered cell FDRE clocked by sys_clk_pin  {rise@0.000ns fall@4.000ns period=8.000ns})
  Destination:            U_RAND_SEC/sr_reg[1]/CE
                            (rising edge-triggered cell FDRE clocked by sys_clk_pin  {rise@0.000ns fall@4.000ns period=8.000ns})
  Path Group:             sys_clk_pin
  Path Type:              Hold (Min at Fast Process Corner)
  Requirement:            0.000ns  (sys_clk_pin rise@0.000ns - sys_clk_pin rise@0.000ns)
  Data Path Delay:        0.389ns  (logic 0.141ns (36.261%)  route 0.248ns (63.739%))
  Logic Levels:           0  
  Clock Path Skew:        0.276ns (DCD - SCD - CPR)
    Destination Clock Delay (DCD):    2.023ns
    Source Clock Delay      (SCD):    1.500ns
    Clock Pessimism Removal (CPR):    0.247ns

    Location             Delay type                Incr(ns)  Path(ns)    Netlist Resource(s)
  -------------------------------------------------------------------    -------------------
                         (clock sys_clk_pin rise edge)
                                                      0.000     0.000 r  
    K17                                               0.000     0.000 r  sysclk (IN)
                         net (fo=0)                   0.000     0.000    sysclk
    K17                  IBUF (Prop_ibuf_I_O)         0.259     0.259 r  sysclk_IBUF_inst/O
                         net (fo=1, routed)           0.627     0.887    sysclk_IBUF
    BUFGCTRL_X0Y16       BUFG (Prop_bufg_I_O)         0.026     0.913 r  sysclk_IBUF_BUFG_inst/O
                         net (fo=44, routed)          0.588     1.500    U_GCLK_SEL/sysclk_IBUF_BUFG
    SLICE_X43Y54         FDRE                                         r  U_GCLK_SEL/tick_reg/C
  -------------------------------------------------------------------    -------------------
    SLICE_X43Y54         FDRE (Prop_fdre_C_Q)         0.141     1.641 r  U_GCLK_SEL/tick_reg/Q
                         net (fo=8, routed)           0.248     1.889    U_RAND_SEC/sig_tick
    SLICE_X40Y47         FDRE                                         r  U_RAND_SEC/sr_reg[1]/CE
  -------------------------------------------------------------------    -------------------

                         (clock sys_clk_pin rise edge)
                                                      0.000     0.000 r  
    K17                                               0.000     0.000 r  sysclk (IN)
                         net (fo=0)                   0.000     0.000    sysclk
    K17                  IBUF (Prop_ibuf_I_O)         0.447     0.447 r  sysclk_IBUF_inst/O
                         net (fo=1, routed)           0.683     1.130    sysclk_IBUF
    BUFGCTRL_X0Y16       BUFG (Prop_bufg_I_O)         0.029     1.159 r  sysclk_IBUF_BUFG_inst/O
                         net (fo=44, routed)          0.864     2.023    U_RAND_SEC/sysclk_IBUF_BUFG
    SLICE_X40Y47         FDRE                                         r  U_RAND_SEC/sr_reg[1]/C
                         clock pessimism             -0.247     1.777    
    SLICE_X40Y47         FDRE (Hold_fdre_C_CE)       -0.039     1.738    U_RAND_SEC/sr_reg[1]
  -------------------------------------------------------------------
                         required time                         -1.738    
                         arrival time                           1.889    
  -------------------------------------------------------------------
                         slack                                  0.152    

Slack (MET) :             0.152ns  (arrival time - required time)
  Source:                 U_GCLK_SEL/tick_reg/C
                            (rising edge-triggered cell FDRE clocked by sys_clk_pin  {rise@0.000ns fall@4.000ns period=8.000ns})
  Destination:            U_RAND_SEC/sr_reg[2]/CE
                            (rising edge-triggered cell FDRE clocked by sys_clk_pin  {rise@0.000ns fall@4.000ns period=8.000ns})
  Path Group:             sys_clk_pin
  Path Type:              Hold (Min at Fast Process Corner)
  Requirement:            0.000ns  (sys_clk_pin rise@0.000ns - sys_clk_pin rise@0.000ns)
  Data Path Delay:        0.389ns  (logic 0.141ns (36.261%)  route 0.248ns (63.739%))
  Logic Levels:           0  
  Clock Path Skew:        0.276ns (DCD - SCD - CPR)
    Destination Clock Delay (DCD):    2.023ns
    Source Clock Delay      (SCD):    1.500ns
    Clock Pessimism Removal (CPR):    0.247ns

    Location             Delay type                Incr(ns)  Path(ns)    Netlist Resource(s)
  -------------------------------------------------------------------    -------------------
                         (clock sys_clk_pin rise edge)
                                                      0.000     0.000 r  
    K17                                               0.000     0.000 r  sysclk (IN)
                         net (fo=0)                   0.000     0.000    sysclk
    K17                  IBUF (Prop_ibuf_I_O)         0.259     0.259 r  sysclk_IBUF_inst/O
                         net (fo=1, routed)           0.627     0.887    sysclk_IBUF
    BUFGCTRL_X0Y16       BUFG (Prop_bufg_I_O)         0.026     0.913 r  sysclk_IBUF_BUFG_inst/O
                         net (fo=44, routed)          0.588     1.500    U_GCLK_SEL/sysclk_IBUF_BUFG
    SLICE_X43Y54         FDRE                                         r  U_GCLK_SEL/tick_reg/C
  -------------------------------------------------------------------    -------------------
    SLICE_X43Y54         FDRE (Prop_fdre_C_Q)         0.141     1.641 r  U_GCLK_SEL/tick_reg/Q
                         net (fo=8, routed)           0.248     1.889    U_RAND_SEC/sig_tick
    SLICE_X40Y47         FDRE                                         r  U_RAND_SEC/sr_reg[2]/CE
  -------------------------------------------------------------------    -------------------

                         (clock sys_clk_pin rise edge)
                                                      0.000     0.000 r  
    K17                                               0.000     0.000 r  sysclk (IN)
                         net (fo=0)                   0.000     0.000    sysclk
    K17                  IBUF (Prop_ibuf_I_O)         0.447     0.447 r  sysclk_IBUF_inst/O
                         net (fo=1, routed)           0.683     1.130    sysclk_IBUF
    BUFGCTRL_X0Y16       BUFG (Prop_bufg_I_O)         0.029     1.159 r  sysclk_IBUF_BUFG_inst/O
                         net (fo=44, routed)          0.864     2.023    U_RAND_SEC/sysclk_IBUF_BUFG
    SLICE_X40Y47         FDRE                                         r  U_RAND_SEC/sr_reg[2]/C
                         clock pessimism             -0.247     1.777    
    SLICE_X40Y47         FDRE (Hold_fdre_C_CE)       -0.039     1.738    U_RAND_SEC/sr_reg[2]
  -------------------------------------------------------------------
                         required time                         -1.738    
                         arrival time                           1.889    
  -------------------------------------------------------------------
                         slack                                  0.152    

Slack (MET) :             0.152ns  (arrival time - required time)
  Source:                 U_GCLK_SEL/tick_reg/C
                            (rising edge-triggered cell FDRE clocked by sys_clk_pin  {rise@0.000ns fall@4.000ns period=8.000ns})
  Destination:            U_RAND_SEC/sr_reg[3]/CE
                            (rising edge-triggered cell FDRE clocked by sys_clk_pin  {rise@0.000ns fall@4.000ns period=8.000ns})
  Path Group:             sys_clk_pin
  Path Type:              Hold (Min at Fast Process Corner)
  Requirement:            0.000ns  (sys_clk_pin rise@0.000ns - sys_clk_pin rise@0.000ns)
  Data Path Delay:        0.389ns  (logic 0.141ns (36.261%)  route 0.248ns (63.739%))
  Logic Levels:           0  
  Clock Path Skew:        0.276ns (DCD - SCD - CPR)
    Destination Clock Delay (DCD):    2.023ns
    Source Clock Delay      (SCD):    1.500ns
    Clock Pessimism Removal (CPR):    0.247ns

    Location             Delay type                Incr(ns)  Path(ns)    Netlist Resource(s)
  -------------------------------------------------------------------    -------------------
                         (clock sys_clk_pin rise edge)
                                                      0.000     0.000 r  
    K17                                               0.000     0.000 r  sysclk (IN)
                         net (fo=0)                   0.000     0.000    sysclk
    K17                  IBUF (Prop_ibuf_I_O)         0.259     0.259 r  sysclk_IBUF_inst/O
                         net (fo=1, routed)           0.627     0.887    sysclk_IBUF
    BUFGCTRL_X0Y16       BUFG (Prop_bufg_I_O)         0.026     0.913 r  sysclk_IBUF_BUFG_inst/O
                         net (fo=44, routed)          0.588     1.500    U_GCLK_SEL/sysclk_IBUF_BUFG
    SLICE_X43Y54         FDRE                                         r  U_GCLK_SEL/tick_reg/C
  -------------------------------------------------------------------    -------------------
    SLICE_X43Y54         FDRE (Prop_fdre_C_Q)         0.141     1.641 r  U_GCLK_SEL/tick_reg/Q
                         net (fo=8, routed)           0.248     1.889    U_RAND_SEC/sig_tick
    SLICE_X40Y47         FDRE                                         r  U_RAND_SEC/sr_reg[3]/CE
  -------------------------------------------------------------------    -------------------

                         (clock sys_clk_pin rise edge)
                                                      0.000     0.000 r  
    K17                                               0.000     0.000 r  sysclk (IN)
                         net (fo=0)                   0.000     0.000    sysclk
    K17                  IBUF (Prop_ibuf_I_O)         0.447     0.447 r  sysclk_IBUF_inst/O
                         net (fo=1, routed)           0.683     1.130    sysclk_IBUF
    BUFGCTRL_X0Y16       BUFG (Prop_bufg_I_O)         0.029     1.159 r  sysclk_IBUF_BUFG_inst/O
                         net (fo=44, routed)          0.864     2.023    U_RAND_SEC/sysclk_IBUF_BUFG
    SLICE_X40Y47         FDRE                                         r  U_RAND_SEC/sr_reg[3]/C
                         clock pessimism             -0.247     1.777    
    SLICE_X40Y47         FDRE (Hold_fdre_C_CE)       -0.039     1.738    U_RAND_SEC/sr_reg[3]
  -------------------------------------------------------------------
                         required time                         -1.738    
                         arrival time                           1.889    
  -------------------------------------------------------------------
                         slack                                  0.152    

Slack (MET) :             0.152ns  (arrival time - required time)
  Source:                 U_GCLK_SEL/tick_reg/C
                            (rising edge-triggered cell FDRE clocked by sys_clk_pin  {rise@0.000ns fall@4.000ns period=8.000ns})
  Destination:            U_RAND_SEC/sr_reg[5]/CE
                            (rising edge-triggered cell FDRE clocked by sys_clk_pin  {rise@0.000ns fall@4.000ns period=8.000ns})
  Path Group:             sys_clk_pin
  Path Type:              Hold (Min at Fast Process Corner)
  Requirement:            0.000ns  (sys_clk_pin rise@0.000ns - sys_clk_pin rise@0.000ns)
  Data Path Delay:        0.389ns  (logic 0.141ns (36.261%)  route 0.248ns (63.739%))
  Logic Levels:           0  
  Clock Path Skew:        0.276ns (DCD - SCD - CPR)
    Destination Clock Delay (DCD):    2.023ns
    Source Clock Delay      (SCD):    1.500ns
    Clock Pessimism Removal (CPR):    0.247ns

    Location             Delay type                Incr(ns)  Path(ns)    Netlist Resource(s)
  -------------------------------------------------------------------    -------------------
                         (clock sys_clk_pin rise edge)
                                                      0.000     0.000 r  
    K17                                               0.000     0.000 r  sysclk (IN)
                         net (fo=0)                   0.000     0.000    sysclk
    K17                  IBUF (Prop_ibuf_I_O)         0.259     0.259 r  sysclk_IBUF_inst/O
                         net (fo=1, routed)           0.627     0.887    sysclk_IBUF
    BUFGCTRL_X0Y16       BUFG (Prop_bufg_I_O)         0.026     0.913 r  sysclk_IBUF_BUFG_inst/O
                         net (fo=44, routed)          0.588     1.500    U_GCLK_SEL/sysclk_IBUF_BUFG
    SLICE_X43Y54         FDRE                                         r  U_GCLK_SEL/tick_reg/C
  -------------------------------------------------------------------    -------------------
    SLICE_X43Y54         FDRE (Prop_fdre_C_Q)         0.141     1.641 r  U_GCLK_SEL/tick_reg/Q
                         net (fo=8, routed)           0.248     1.889    U_RAND_SEC/sig_tick
    SLICE_X40Y47         FDRE                                         r  U_RAND_SEC/sr_reg[5]/CE
  -------------------------------------------------------------------    -------------------

                         (clock sys_clk_pin rise edge)
                                                      0.000     0.000 r  
    K17                                               0.000     0.000 r  sysclk (IN)
                         net (fo=0)                   0.000     0.000    sysclk
    K17                  IBUF (Prop_ibuf_I_O)         0.447     0.447 r  sysclk_IBUF_inst/O
                         net (fo=1, routed)           0.683     1.130    sysclk_IBUF
    BUFGCTRL_X0Y16       BUFG (Prop_bufg_I_O)         0.029     1.159 r  sysclk_IBUF_BUFG_inst/O
                         net (fo=44, routed)          0.864     2.023    U_RAND_SEC/sysclk_IBUF_BUFG
    SLICE_X40Y47         FDRE                                         r  U_RAND_SEC/sr_reg[5]/C
                         clock pessimism             -0.247     1.777    
    SLICE_X40Y47         FDRE (Hold_fdre_C_CE)       -0.039     1.738    U_RAND_SEC/sr_reg[5]
  -------------------------------------------------------------------
                         required time                         -1.738    
                         arrival time                           1.889    
  -------------------------------------------------------------------
                         slack                                  0.152    

Slack (MET) :             0.152ns  (arrival time - required time)
  Source:                 U_GCLK_SEL/tick_reg/C
                            (rising edge-triggered cell FDRE clocked by sys_clk_pin  {rise@0.000ns fall@4.000ns period=8.000ns})
  Destination:            U_RAND_SEC/sr_reg[6]/CE
                            (rising edge-triggered cell FDRE clocked by sys_clk_pin  {rise@0.000ns fall@4.000ns period=8.000ns})
  Path Group:             sys_clk_pin
  Path Type:              Hold (Min at Fast Process Corner)
  Requirement:            0.000ns  (sys_clk_pin rise@0.000ns - sys_clk_pin rise@0.000ns)
  Data Path Delay:        0.389ns  (logic 0.141ns (36.261%)  route 0.248ns (63.739%))
  Logic Levels:           0  
  Clock Path Skew:        0.276ns (DCD - SCD - CPR)
    Destination Clock Delay (DCD):    2.023ns
    Source Clock Delay      (SCD):    1.500ns
    Clock Pessimism Removal (CPR):    0.247ns

    Location             Delay type                Incr(ns)  Path(ns)    Netlist Resource(s)
  -------------------------------------------------------------------    -------------------
                         (clock sys_clk_pin rise edge)
                                                      0.000     0.000 r  
    K17                                               0.000     0.000 r  sysclk (IN)
                         net (fo=0)                   0.000     0.000    sysclk
    K17                  IBUF (Prop_ibuf_I_O)         0.259     0.259 r  sysclk_IBUF_inst/O
                         net (fo=1, routed)           0.627     0.887    sysclk_IBUF
    BUFGCTRL_X0Y16       BUFG (Prop_bufg_I_O)         0.026     0.913 r  sysclk_IBUF_BUFG_inst/O
                         net (fo=44, routed)          0.588     1.500    U_GCLK_SEL/sysclk_IBUF_BUFG
    SLICE_X43Y54         FDRE                                         r  U_GCLK_SEL/tick_reg/C
  -------------------------------------------------------------------    -------------------
    SLICE_X43Y54         FDRE (Prop_fdre_C_Q)         0.141     1.641 r  U_GCLK_SEL/tick_reg/Q
                         net (fo=8, routed)           0.248     1.889    U_RAND_SEC/sig_tick
    SLICE_X40Y47         FDRE                                         r  U_RAND_SEC/sr_reg[6]/CE
  -------------------------------------------------------------------    -------------------

                         (clock sys_clk_pin rise edge)
                                                      0.000     0.000 r  
    K17                                               0.000     0.000 r  sysclk (IN)
                         net (fo=0)                   0.000     0.000    sysclk
    K17                  IBUF (Prop_ibuf_I_O)         0.447     0.447 r  sysclk_IBUF_inst/O
                         net (fo=1, routed)           0.683     1.130    sysclk_IBUF
    BUFGCTRL_X0Y16       BUFG (Prop_bufg_I_O)         0.029     1.159 r  sysclk_IBUF_BUFG_inst/O
                         net (fo=44, routed)          0.864     2.023    U_RAND_SEC/sysclk_IBUF_BUFG
    SLICE_X40Y47         FDRE                                         r  U_RAND_SEC/sr_reg[6]/C
                         clock pessimism             -0.247     1.777    
    SLICE_X40Y47         FDRE (Hold_fdre_C_CE)       -0.039     1.738    U_RAND_SEC/sr_reg[6]
  -------------------------------------------------------------------
                         required time                         -1.738    
                         arrival time                           1.889    
  -------------------------------------------------------------------
                         slack                                  0.152    

Slack (MET) :             0.190ns  (arrival time - required time)
  Source:                 U_RAND_SEC/sr_reg[7]/C
                            (rising edge-triggered cell FDRE clocked by sys_clk_pin  {rise@0.000ns fall@4.000ns period=8.000ns})
  Destination:            U_RAND_SEC/sr_reg[2]/D
                            (rising edge-triggered cell FDRE clocked by sys_clk_pin  {rise@0.000ns fall@4.000ns period=8.000ns})
  Path Group:             sys_clk_pin
  Path Type:              Hold (Min at Fast Process Corner)
  Requirement:            0.000ns  (sys_clk_pin rise@0.000ns - sys_clk_pin rise@0.000ns)
  Data Path Delay:        0.310ns  (logic 0.190ns (61.276%)  route 0.120ns (38.724%))
  Logic Levels:           1  (LUT4=1)
  Clock Path Skew:        0.013ns (DCD - SCD - CPR)
    Destination Clock Delay (DCD):    2.023ns
    Source Clock Delay      (SCD):    1.507ns
    Clock Pessimism Removal (CPR):    0.503ns

    Location             Delay type                Incr(ns)  Path(ns)    Netlist Resource(s)
  -------------------------------------------------------------------    -------------------
                         (clock sys_clk_pin rise edge)
                                                      0.000     0.000 r  
    K17                                               0.000     0.000 r  sysclk (IN)
                         net (fo=0)                   0.000     0.000    sysclk
    K17                  IBUF (Prop_ibuf_I_O)         0.259     0.259 r  sysclk_IBUF_inst/O
                         net (fo=1, routed)           0.627     0.887    sysclk_IBUF
    BUFGCTRL_X0Y16       BUFG (Prop_bufg_I_O)         0.026     0.913 r  sysclk_IBUF_BUFG_inst/O
                         net (fo=44, routed)          0.595     1.507    U_RAND_SEC/sysclk_IBUF_BUFG
    SLICE_X41Y47         FDRE                                         r  U_RAND_SEC/sr_reg[7]/C
  -------------------------------------------------------------------    -------------------
    SLICE_X41Y47         FDRE (Prop_fdre_C_Q)         0.141     1.648 r  U_RAND_SEC/sr_reg[7]/Q
                         net (fo=4, routed)           0.120     1.768    U_RAND_SEC/sr_reg_n_0_[7]
    SLICE_X40Y47         LUT4 (Prop_lut4_I2_O)        0.049     1.817 r  U_RAND_SEC/sr[2]_i_1/O
                         net (fo=1, routed)           0.000     1.817    U_RAND_SEC/sr05_out
    SLICE_X40Y47         FDRE                                         r  U_RAND_SEC/sr_reg[2]/D
  -------------------------------------------------------------------    -------------------

                         (clock sys_clk_pin rise edge)
                                                      0.000     0.000 r  
    K17                                               0.000     0.000 r  sysclk (IN)
                         net (fo=0)                   0.000     0.000    sysclk
    K17                  IBUF (Prop_ibuf_I_O)         0.447     0.447 r  sysclk_IBUF_inst/O
                         net (fo=1, routed)           0.683     1.130    sysclk_IBUF
    BUFGCTRL_X0Y16       BUFG (Prop_bufg_I_O)         0.029     1.159 r  sysclk_IBUF_BUFG_inst/O
                         net (fo=44, routed)          0.864     2.023    U_RAND_SEC/sysclk_IBUF_BUFG
    SLICE_X40Y47         FDRE                                         r  U_RAND_SEC/sr_reg[2]/C
                         clock pessimism             -0.503     1.520    
    SLICE_X40Y47         FDRE (Hold_fdre_C_D)         0.107     1.627    U_RAND_SEC/sr_reg[2]
  -------------------------------------------------------------------
                         required time                         -1.627    
                         arrival time                           1.817    
  -------------------------------------------------------------------
                         slack                                  0.190    

Slack (MET) :             0.201ns  (arrival time - required time)
  Source:                 U_RAND_SEC/sr_reg[7]/C
                            (rising edge-triggered cell FDRE clocked by sys_clk_pin  {rise@0.000ns fall@4.000ns period=8.000ns})
  Destination:            U_RAND_SEC/sr_reg[1]/D
                            (rising edge-triggered cell FDRE clocked by sys_clk_pin  {rise@0.000ns fall@4.000ns period=8.000ns})
  Path Group:             sys_clk_pin
  Path Type:              Hold (Min at Fast Process Corner)
  Requirement:            0.000ns  (sys_clk_pin rise@0.000ns - sys_clk_pin rise@0.000ns)
  Data Path Delay:        0.306ns  (logic 0.186ns (60.769%)  route 0.120ns (39.231%))
  Logic Levels:           1  (LUT3=1)
  Clock Path Skew:        0.013ns (DCD - SCD - CPR)
    Destination Clock Delay (DCD):    2.023ns
    Source Clock Delay      (SCD):    1.507ns
    Clock Pessimism Removal (CPR):    0.503ns

    Location             Delay type                Incr(ns)  Path(ns)    Netlist Resource(s)
  -------------------------------------------------------------------    -------------------
                         (clock sys_clk_pin rise edge)
                                                      0.000     0.000 r  
    K17                                               0.000     0.000 r  sysclk (IN)
                         net (fo=0)                   0.000     0.000    sysclk
    K17                  IBUF (Prop_ibuf_I_O)         0.259     0.259 r  sysclk_IBUF_inst/O
                         net (fo=1, routed)           0.627     0.887    sysclk_IBUF
    BUFGCTRL_X0Y16       BUFG (Prop_bufg_I_O)         0.026     0.913 r  sysclk_IBUF_BUFG_inst/O
                         net (fo=44, routed)          0.595     1.507    U_RAND_SEC/sysclk_IBUF_BUFG
    SLICE_X41Y47         FDRE                                         r  U_RAND_SEC/sr_reg[7]/C
  -------------------------------------------------------------------    -------------------
    SLICE_X41Y47         FDRE (Prop_fdre_C_Q)         0.141     1.648 r  U_RAND_SEC/sr_reg[7]/Q
                         net (fo=4, routed)           0.120     1.768    U_RAND_SEC/sr_reg_n_0_[7]
    SLICE_X40Y47         LUT3 (Prop_lut3_I0_O)        0.045     1.813 r  U_RAND_SEC/sr[1]_i_1/O
                         net (fo=1, routed)           0.000     1.813    U_RAND_SEC/sr0
    SLICE_X40Y47         FDRE                                         r  U_RAND_SEC/sr_reg[1]/D
  -------------------------------------------------------------------    -------------------

                         (clock sys_clk_pin rise edge)
                                                      0.000     0.000 r  
    K17                                               0.000     0.000 r  sysclk (IN)
                         net (fo=0)                   0.000     0.000    sysclk
    K17                  IBUF (Prop_ibuf_I_O)         0.447     0.447 r  sysclk_IBUF_inst/O
                         net (fo=1, routed)           0.683     1.130    sysclk_IBUF
    BUFGCTRL_X0Y16       BUFG (Prop_bufg_I_O)         0.029     1.159 r  sysclk_IBUF_BUFG_inst/O
                         net (fo=44, routed)          0.864     2.023    U_RAND_SEC/sysclk_IBUF_BUFG
    SLICE_X40Y47         FDRE                                         r  U_RAND_SEC/sr_reg[1]/C
                         clock pessimism             -0.503     1.520    
    SLICE_X40Y47         FDRE (Hold_fdre_C_D)         0.092     1.612    U_RAND_SEC/sr_reg[1]
  -------------------------------------------------------------------
                         required time                         -1.612    
                         arrival time                           1.813    
  -------------------------------------------------------------------
                         slack                                  0.201    

Slack (MET) :             0.212ns  (arrival time - required time)
  Source:                 U_GCLK_SEL/tick_reg/C
                            (rising edge-triggered cell FDRE clocked by sys_clk_pin  {rise@0.000ns fall@4.000ns period=8.000ns})
  Destination:            U_RAND_SEC/sr_reg[4]/CE
                            (rising edge-triggered cell FDRE clocked by sys_clk_pin  {rise@0.000ns fall@4.000ns period=8.000ns})
  Path Group:             sys_clk_pin
  Path Type:              Hold (Min at Fast Process Corner)
  Requirement:            0.000ns  (sys_clk_pin rise@0.000ns - sys_clk_pin rise@0.000ns)
  Data Path Delay:        0.449ns  (logic 0.141ns (31.395%)  route 0.308ns (68.605%))
  Logic Levels:           0  
  Clock Path Skew:        0.276ns (DCD - SCD - CPR)
    Destination Clock Delay (DCD):    2.023ns
    Source Clock Delay      (SCD):    1.500ns
    Clock Pessimism Removal (CPR):    0.247ns

    Location             Delay type                Incr(ns)  Path(ns)    Netlist Resource(s)
  -------------------------------------------------------------------    -------------------
                         (clock sys_clk_pin rise edge)
                                                      0.000     0.000 r  
    K17                                               0.000     0.000 r  sysclk (IN)
                         net (fo=0)                   0.000     0.000    sysclk
    K17                  IBUF (Prop_ibuf_I_O)         0.259     0.259 r  sysclk_IBUF_inst/O
                         net (fo=1, routed)           0.627     0.887    sysclk_IBUF
    BUFGCTRL_X0Y16       BUFG (Prop_bufg_I_O)         0.026     0.913 r  sysclk_IBUF_BUFG_inst/O
                         net (fo=44, routed)          0.588     1.500    U_GCLK_SEL/sysclk_IBUF_BUFG
    SLICE_X43Y54         FDRE                                         r  U_GCLK_SEL/tick_reg/C
  -------------------------------------------------------------------    -------------------
    SLICE_X43Y54         FDRE (Prop_fdre_C_Q)         0.141     1.641 r  U_GCLK_SEL/tick_reg/Q
                         net (fo=8, routed)           0.308     1.949    U_RAND_SEC/sig_tick
    SLICE_X41Y47         FDRE                                         r  U_RAND_SEC/sr_reg[4]/CE
  -------------------------------------------------------------------    -------------------

                         (clock sys_clk_pin rise edge)
                                                      0.000     0.000 r  
    K17                                               0.000     0.000 r  sysclk (IN)
                         net (fo=0)                   0.000     0.000    sysclk
    K17                  IBUF (Prop_ibuf_I_O)         0.447     0.447 r  sysclk_IBUF_inst/O
                         net (fo=1, routed)           0.683     1.130    sysclk_IBUF
    BUFGCTRL_X0Y16       BUFG (Prop_bufg_I_O)         0.029     1.159 r  sysclk_IBUF_BUFG_inst/O
                         net (fo=44, routed)          0.864     2.023    U_RAND_SEC/sysclk_IBUF_BUFG
    SLICE_X41Y47         FDRE                                         r  U_RAND_SEC/sr_reg[4]/C
                         clock pessimism             -0.247     1.777    
    SLICE_X41Y47         FDRE (Hold_fdre_C_CE)       -0.039     1.738    U_RAND_SEC/sr_reg[4]
  -------------------------------------------------------------------
                         required time                         -1.738    
                         arrival time                           1.949    
  -------------------------------------------------------------------
                         slack                                  0.212    

Slack (MET) :             0.212ns  (arrival time - required time)
  Source:                 U_GCLK_SEL/tick_reg/C
                            (rising edge-triggered cell FDRE clocked by sys_clk_pin  {rise@0.000ns fall@4.000ns period=8.000ns})
  Destination:            U_RAND_SEC/sr_reg[7]/CE
                            (rising edge-triggered cell FDRE clocked by sys_clk_pin  {rise@0.000ns fall@4.000ns period=8.000ns})
  Path Group:             sys_clk_pin
  Path Type:              Hold (Min at Fast Process Corner)
  Requirement:            0.000ns  (sys_clk_pin rise@0.000ns - sys_clk_pin rise@0.000ns)
  Data Path Delay:        0.449ns  (logic 0.141ns (31.395%)  route 0.308ns (68.605%))
  Logic Levels:           0  
  Clock Path Skew:        0.276ns (DCD - SCD - CPR)
    Destination Clock Delay (DCD):    2.023ns
    Source Clock Delay      (SCD):    1.500ns
    Clock Pessimism Removal (CPR):    0.247ns

    Location             Delay type                Incr(ns)  Path(ns)    Netlist Resource(s)
  -------------------------------------------------------------------    -------------------
                         (clock sys_clk_pin rise edge)
                                                      0.000     0.000 r  
    K17                                               0.000     0.000 r  sysclk (IN)
                         net (fo=0)                   0.000     0.000    sysclk
    K17                  IBUF (Prop_ibuf_I_O)         0.259     0.259 r  sysclk_IBUF_inst/O
                         net (fo=1, routed)           0.627     0.887    sysclk_IBUF
    BUFGCTRL_X0Y16       BUFG (Prop_bufg_I_O)         0.026     0.913 r  sysclk_IBUF_BUFG_inst/O
                         net (fo=44, routed)          0.588     1.500    U_GCLK_SEL/sysclk_IBUF_BUFG
    SLICE_X43Y54         FDRE                                         r  U_GCLK_SEL/tick_reg/C
  -------------------------------------------------------------------    -------------------
    SLICE_X43Y54         FDRE (Prop_fdre_C_Q)         0.141     1.641 r  U_GCLK_SEL/tick_reg/Q
                         net (fo=8, routed)           0.308     1.949    U_RAND_SEC/sig_tick
    SLICE_X41Y47         FDRE                                         r  U_RAND_SEC/sr_reg[7]/CE
  -------------------------------------------------------------------    -------------------

                         (clock sys_clk_pin rise edge)
                                                      0.000     0.000 r  
    K17                                               0.000     0.000 r  sysclk (IN)
                         net (fo=0)                   0.000     0.000    sysclk
    K17                  IBUF (Prop_ibuf_I_O)         0.447     0.447 r  sysclk_IBUF_inst/O
                         net (fo=1, routed)           0.683     1.130    sysclk_IBUF
    BUFGCTRL_X0Y16       BUFG (Prop_bufg_I_O)         0.029     1.159 r  sysclk_IBUF_BUFG_inst/O
                         net (fo=44, routed)          0.864     2.023    U_RAND_SEC/sysclk_IBUF_BUFG
    SLICE_X41Y47         FDRE                                         r  U_RAND_SEC/sr_reg[7]/C
                         clock pessimism             -0.247     1.777    
    SLICE_X41Y47         FDRE (Hold_fdre_C_CE)       -0.039     1.738    U_RAND_SEC/sr_reg[7]
  -------------------------------------------------------------------
                         required time                         -1.738    
                         arrival time                           1.949    
  -------------------------------------------------------------------
                         slack                                  0.212    





Pulse Width Checks
--------------------------------------------------------------------------------------
Clock Name:         sys_clk_pin
Waveform(ns):       { 0.000 4.000 }
Period(ns):         8.000
Sources:            { sysclk }

Check Type        Corner  Lib Pin  Reference Pin  Required(ns)  Actual(ns)  Slack(ns)  Location        Pin
Min Period        n/a     BUFG/I   n/a            2.155         8.000       5.845      BUFGCTRL_X0Y16  sysclk_IBUF_BUFG_inst/I
Min Period        n/a     FDRE/C   n/a            1.000         8.000       7.000      SLICE_X42Y50    U_GCLK_SEL/counter_reg[0]/C
Min Period        n/a     FDRE/C   n/a            1.000         8.000       7.000      SLICE_X42Y52    U_GCLK_SEL/counter_reg[10]/C
Min Period        n/a     FDRE/C   n/a            1.000         8.000       7.000      SLICE_X42Y52    U_GCLK_SEL/counter_reg[11]/C
Min Period        n/a     FDRE/C   n/a            1.000         8.000       7.000      SLICE_X42Y53    U_GCLK_SEL/counter_reg[12]/C
Min Period        n/a     FDRE/C   n/a            1.000         8.000       7.000      SLICE_X42Y53    U_GCLK_SEL/counter_reg[13]/C
Min Period        n/a     FDRE/C   n/a            1.000         8.000       7.000      SLICE_X42Y53    U_GCLK_SEL/counter_reg[14]/C
Min Period        n/a     FDRE/C   n/a            1.000         8.000       7.000      SLICE_X42Y53    U_GCLK_SEL/counter_reg[15]/C
Min Period        n/a     FDRE/C   n/a            1.000         8.000       7.000      SLICE_X42Y54    U_GCLK_SEL/counter_reg[16]/C
Min Period        n/a     FDRE/C   n/a            1.000         8.000       7.000      SLICE_X42Y54    U_GCLK_SEL/counter_reg[17]/C
Low Pulse Width   Fast    FDRE/C   n/a            0.500         4.000       3.500      SLICE_X42Y50    U_GCLK_SEL/counter_reg[0]/C
Low Pulse Width   Fast    FDRE/C   n/a            0.500         4.000       3.500      SLICE_X42Y52    U_GCLK_SEL/counter_reg[10]/C
Low Pulse Width   Fast    FDRE/C   n/a            0.500         4.000       3.500      SLICE_X42Y52    U_GCLK_SEL/counter_reg[11]/C
Low Pulse Width   Fast    FDRE/C   n/a            0.500         4.000       3.500      SLICE_X42Y50    U_GCLK_SEL/counter_reg[1]/C
Low Pulse Width   Fast    FDRE/C   n/a            0.500         4.000       3.500      SLICE_X42Y50    U_GCLK_SEL/counter_reg[2]/C
Low Pulse Width   Fast    FDRE/C   n/a            0.500         4.000       3.500      SLICE_X42Y50    U_GCLK_SEL/counter_reg[3]/C
Low Pulse Width   Fast    FDRE/C   n/a            0.500         4.000       3.500      SLICE_X42Y51    U_GCLK_SEL/counter_reg[4]/C
Low Pulse Width   Fast    FDRE/C   n/a            0.500         4.000       3.500      SLICE_X42Y51    U_GCLK_SEL/counter_reg[5]/C
Low Pulse Width   Fast    FDRE/C   n/a            0.500         4.000       3.500      SLICE_X42Y51    U_GCLK_SEL/counter_reg[6]/C
Low Pulse Width   Fast    FDRE/C   n/a            0.500         4.000       3.500      SLICE_X42Y51    U_GCLK_SEL/counter_reg[7]/C
High Pulse Width  Fast    FDRE/C   n/a            0.500         4.000       3.500      SLICE_X42Y50    U_GCLK_SEL/counter_reg[0]/C
High Pulse Width  Fast    FDRE/C   n/a            0.500         4.000       3.500      SLICE_X42Y52    U_GCLK_SEL/counter_reg[10]/C
High Pulse Width  Fast    FDRE/C   n/a            0.500         4.000       3.500      SLICE_X42Y52    U_GCLK_SEL/counter_reg[11]/C
High Pulse Width  Fast    FDRE/C   n/a            0.500         4.000       3.500      SLICE_X42Y53    U_GCLK_SEL/counter_reg[12]/C
High Pulse Width  Fast    FDRE/C   n/a            0.500         4.000       3.500      SLICE_X42Y53    U_GCLK_SEL/counter_reg[13]/C
High Pulse Width  Fast    FDRE/C   n/a            0.500         4.000       3.500      SLICE_X42Y53    U_GCLK_SEL/counter_reg[14]/C
High Pulse Width  Fast    FDRE/C   n/a            0.500         4.000       3.500      SLICE_X42Y53    U_GCLK_SEL/counter_reg[15]/C
High Pulse Width  Fast    FDRE/C   n/a            0.500         4.000       3.500      SLICE_X42Y54    U_GCLK_SEL/counter_reg[16]/C
High Pulse Width  Fast    FDRE/C   n/a            0.500         4.000       3.500      SLICE_X42Y54    U_GCLK_SEL/counter_reg[17]/C
High Pulse Width  Fast    FDRE/C   n/a            0.500         4.000       3.500      SLICE_X42Y54    U_GCLK_SEL/counter_reg[18]/C



