Copyright 1986-2020 Xilinx, Inc. All Rights Reserved.
-----------------------------------------------------------------------------------------------------------------------------------------------------------------------------------------------
| Tool Version : Vivado v.2020.1 (win64) Build 2902540 Wed May 27 19:54:49 MDT 2020
| Date         : Tue Sep 22 13:00:59 2026
| Host         : DESKTOP-SHNI0N6 running 64-bit major release  (build 9200)
| Command      : report_timing_summary -max_paths 10 -file rand_led_timing_summary_routed.rpt -pb rand_led_timing_summary_routed.pb -rpx rand_led_timing_summary_routed.rpx -warn_on_violation
| Design       : rand_led
| Device       : 7z010-clg400
| Speed File   : -1  PRODUCTION 1.12 2019-11-22
-----------------------------------------------------------------------------------------------------------------------------------------------------------------------------------------------

Timing Summary Report

------------------------------------------------------------------------------------------------
| Timer Settings
| --------------
------------------------------------------------------------------------------------------------

  Enable Multi Corner Analysis               :  Yes
  Enable Pessimism Removal                   :  Yes
  Pessimism Removal Resolution               :  Nearest Common Node
  Enable Input Delay Default Clock           :  No
  Enable Preset / Clear Arcs                 :  No
  Disable Flight Delays                      :  No
  Ignore I/O Paths                           :  No
  Timing Early Launch at Borrowing Latches   :  No
  Borrow Time for Max Delay Exceptions       :  Yes
  Merge Timing Exceptions                    :  Yes

  Corner  Analyze    Analyze    
  Name    Max Paths  Min Paths  
  ------  ---------  ---------  
  Slow    Yes        Yes        
  Fast    Yes        Yes        



check_timing report

Table of Contents
-----------------
1. checking no_clock (4)
2. checking constant_clock (0)
3. checking pulse_width_clock (0)
4. checking unconstrained_internal_endpoints (4)
5. checking no_input_delay (0)
6. checking no_output_delay (4)
7. checking multiple_clock (0)
8. checking generated_clocks (0)
9. checking loops (0)
10. checking partial_input_delay (0)
11. checking partial_output_delay (0)
12. checking latch_loops (0)

1. checking no_clock (4)
------------------------
 There are 4 register/latch pins with no clock driven by root clock pin: U_GCLK_SEL/aux_sclk_reg/Q (HIGH)


2. checking constant_clock (0)
------------------------------
 There are 0 register/latch pins with constant_clock.


3. checking pulse_width_clock (0)
---------------------------------
 There are 0 register/latch pins which need pulse_width check


4. checking unconstrained_internal_endpoints (4)
------------------------------------------------
 There are 4 pins that are not constrained for maximum delay. (HIGH)

 There are 0 pins that are not constrained for maximum delay due to constant clock.


5. checking no_input_delay (0)
------------------------------
 There are 0 input ports with no input delay specified.

 There are 0 input ports with no input delay but user has a false path constraint.


6. checking no_output_delay (4)
-------------------------------
 There are 4 ports with no output delay specified. (HIGH)

 There are 0 ports with no output delay but user has a false path constraint

 There are 0 ports with no output delay but with a timing clock defined on it or propagating through it


7. checking multiple_clock (0)
------------------------------
 There are 0 register/latch pins with multiple clocks.


8. checking generated_clocks (0)
--------------------------------
 There are 0 generated clocks that are not connected to a clock source.


9. checking loops (0)
---------------------
 There are 0 combinational loops in the design.


10. checking partial_input_delay (0)
------------------------------------
 There are 0 input ports with partial input delay specified.


11. checking partial_output_delay (0)
-------------------------------------
 There are 0 ports with partial output delay specified.


12. checking latch_loops (0)
----------------------------
 There are 0 combinational latch loops in the design through latch input



------------------------------------------------------------------------------------------------
| Design Timing Summary
| ---------------------
------------------------------------------------------------------------------------------------

    WNS(ns)      TNS(ns)  TNS Failing Endpoints  TNS Total Endpoints      WHS(ns)      THS(ns)  THS Failing Endpoints  THS Total Endpoints     WPWS(ns)     TPWS(ns)  TPWS Failing Endpoints  TPWS Total Endpoints  
    -------      -------  ---------------------  -------------------      -------      -------  ---------------------  -------------------     --------     --------  ----------------------  --------------------  
      3.371        0.000                      0                   53        0.263        0.000                      0                   53        3.500        0.000                       0                    32  


All user specified timing constraints are met.


------------------------------------------------------------------------------------------------
| Clock Summary
| -------------
------------------------------------------------------------------------------------------------

Clock        Waveform(ns)         Period(ns)      Frequency(MHz)
-----        ------------         ----------      --------------
sys_clk_pin  {0.000 4.000}        8.000           125.000         


------------------------------------------------------------------------------------------------
| Intra Clock Table
| -----------------
------------------------------------------------------------------------------------------------

Clock             WNS(ns)      TNS(ns)  TNS Failing Endpoints  TNS Total Endpoints      WHS(ns)      THS(ns)  THS Failing Endpoints  THS Total Endpoints     WPWS(ns)     TPWS(ns)  TPWS Failing Endpoints  TPWS Total Endpoints  
-----             -------      -------  ---------------------  -------------------      -------      -------  ---------------------  -------------------     --------     --------  ----------------------  --------------------  
sys_clk_pin         3.371        0.000                      0                   53        0.263        0.000                      0                   53        3.500        0.000                       0                    32  


------------------------------------------------------------------------------------------------
| Inter Clock Table
| -----------------
------------------------------------------------------------------------------------------------

From Clock    To Clock          WNS(ns)      TNS(ns)  TNS Failing Endpoints  TNS Total Endpoints      WHS(ns)      THS(ns)  THS Failing Endpoints  THS Total Endpoints  
----------    --------          -------      -------  ---------------------  -------------------      -------      -------  ---------------------  -------------------  


------------------------------------------------------------------------------------------------
| Other Path Groups Table
| -----------------------
------------------------------------------------------------------------------------------------

Path Group    From Clock    To Clock          WNS(ns)      TNS(ns)  TNS Failing Endpoints  TNS Total Endpoints      WHS(ns)      THS(ns)  THS Failing Endpoints  THS Total Endpoints  
----------    ----------    --------          -------      -------  ---------------------  -------------------      -------      -------  ---------------------  -------------------  


------------------------------------------------------------------------------------------------
| Timing Details
| --------------
------------------------------------------------------------------------------------------------


---------------------------------------------------------------------------------------------------
From Clock:  sys_clk_pin
  To Clock:  sys_clk_pin

Setup :            0  Failing Endpoints,  Worst Slack        3.371ns,  Total Violation        0.000ns
Hold  :            0  Failing Endpoints,  Worst Slack        0.263ns,  Total Violation        0.000ns
PW    :            0  Failing Endpoints,  Worst Slack        3.500ns,  Total Violation        0.000ns
---------------------------------------------------------------------------------------------------


Max Delay Paths
--------------------------------------------------------------------------------------
Slack (MET) :             3.371ns  (required time - arrival time)
  Source:                 U_GCLK_SEL/counter_reg[19]/C
                            (rising edge-triggered cell FDRE clocked by sys_clk_pin  {rise@0.000ns fall@4.000ns period=8.000ns})
  Destination:            U_GCLK_SEL/counter_reg[0]/R
                            (rising edge-triggered cell FDRE clocked by sys_clk_pin  {rise@0.000ns fall@4.000ns period=8.000ns})
  Path Group:             sys_clk_pin
  Path Type:              Setup (Max at Slow Process Corner)
  Requirement:            8.000ns  (sys_clk_pin rise@8.000ns - sys_clk_pin rise@0.000ns)
  Data Path Delay:        3.863ns  (logic 1.526ns (39.507%)  route 2.337ns (60.493%))
  Logic Levels:           3  (CARRY4=2 LUT2=1)
  Clock Path Skew:        -0.028ns (DCD - SCD + CPR)
    Destination Clock Delay (DCD):    4.940ns = ( 12.940 - 8.000 ) 
    Source Clock Delay      (SCD):    5.397ns
    Clock Pessimism Removal (CPR):    0.429ns
  Clock Uncertainty:      0.035ns  ((TSJ^2 + TIJ^2)^1/2 + DJ) / 2 + PE
    Total System Jitter     (TSJ):    0.071ns
    Total Input Jitter      (TIJ):    0.000ns
    Discrete Jitter          (DJ):    0.000ns
    Phase Error              (PE):    0.000ns

    Location             Delay type                Incr(ns)  Path(ns)    Netlist Resource(s)
  -------------------------------------------------------------------    -------------------
                         (clock sys_clk_pin rise edge)
                                                      0.000     0.000 r  
    K17                                               0.000     0.000 r  sysclk (IN)
                         net (fo=0)                   0.000     0.000    sysclk
    K17                  IBUF (Prop_ibuf_I_O)         1.492     1.492 r  sysclk_IBUF_inst/O
                         net (fo=1, routed)           2.076     3.568    sysclk_IBUF
    BUFGCTRL_X0Y16       BUFG (Prop_bufg_I_O)         0.101     3.669 r  sysclk_IBUF_BUFG_inst/O
                         net (fo=31, routed)          1.728     5.397    U_GCLK_SEL/counter_reg[0]_0
    SLICE_X42Y80         FDRE                                         r  U_GCLK_SEL/counter_reg[19]/C
  -------------------------------------------------------------------    -------------------
    SLICE_X42Y80         FDRE (Prop_fdre_C_Q)         0.518     5.915 r  U_GCLK_SEL/counter_reg[19]/Q
                         net (fo=3, routed)           1.299     7.214    U_GCLK_SEL/counter_reg[19]
    SLICE_X43Y79         LUT2 (Prop_lut2_I0_O)        0.124     7.338 r  U_GCLK_SEL/counter1_carry__1_i_7/O
                         net (fo=1, routed)           0.000     7.338    U_GCLK_SEL/counter1_carry__1_i_7_n_0
    SLICE_X43Y79         CARRY4 (Prop_carry4_S[1]_CO[3])
                                                      0.550     7.888 r  U_GCLK_SEL/counter1_carry__1/CO[3]
                         net (fo=1, routed)           0.000     7.888    U_GCLK_SEL/counter1_carry__1_n_0
    SLICE_X43Y80         CARRY4 (Prop_carry4_CI_O[1])
                                                      0.334     8.222 r  U_GCLK_SEL/counter1_carry__2/O[1]
                         net (fo=27, routed)          1.037     9.259    U_GCLK_SEL/clear
    SLICE_X42Y76         FDRE                                         r  U_GCLK_SEL/counter_reg[0]/R
  -------------------------------------------------------------------    -------------------

                         (clock sys_clk_pin rise edge)
                                                      8.000     8.000 r  
    K17                                               0.000     8.000 r  sysclk (IN)
                         net (fo=0)                   0.000     8.000    sysclk
    K17                  IBUF (Prop_ibuf_I_O)         1.421     9.421 r  sysclk_IBUF_inst/O
                         net (fo=1, routed)           1.880    11.301    sysclk_IBUF
    BUFGCTRL_X0Y16       BUFG (Prop_bufg_I_O)         0.091    11.392 r  sysclk_IBUF_BUFG_inst/O
                         net (fo=31, routed)          1.548    12.940    U_GCLK_SEL/counter_reg[0]_0
    SLICE_X42Y76         FDRE                                         r  U_GCLK_SEL/counter_reg[0]/C
                         clock pessimism              0.429    13.369    
                         clock uncertainty           -0.035    13.333    
    SLICE_X42Y76         FDRE (Setup_fdre_C_R)       -0.703    12.630    U_GCLK_SEL/counter_reg[0]
  -------------------------------------------------------------------
                         required time                         12.630    
                         arrival time                          -9.259    
  -------------------------------------------------------------------
                         slack                                  3.371    

Slack (MET) :             3.371ns  (required time - arrival time)
  Source:                 U_GCLK_SEL/counter_reg[19]/C
                            (rising edge-triggered cell FDRE clocked by sys_clk_pin  {rise@0.000ns fall@4.000ns period=8.000ns})
  Destination:            U_GCLK_SEL/counter_reg[1]/R
                            (rising edge-triggered cell FDRE clocked by sys_clk_pin  {rise@0.000ns fall@4.000ns period=8.000ns})
  Path Group:             sys_clk_pin
  Path Type:              Setup (Max at Slow Process Corner)
  Requirement:            8.000ns  (sys_clk_pin rise@8.000ns - sys_clk_pin rise@0.000ns)
  Data Path Delay:        3.863ns  (logic 1.526ns (39.507%)  route 2.337ns (60.493%))
  Logic Levels:           3  (CARRY4=2 LUT2=1)
  Clock Path Skew:        -0.028ns (DCD - SCD + CPR)
    Destination Clock Delay (DCD):    4.940ns = ( 12.940 - 8.000 ) 
    Source Clock Delay      (SCD):    5.397ns
    Clock Pessimism Removal (CPR):    0.429ns
  Clock Uncertainty:      0.035ns  ((TSJ^2 + TIJ^2)^1/2 + DJ) / 2 + PE
    Total System Jitter     (TSJ):    0.071ns
    Total Input Jitter      (TIJ):    0.000ns
    Discrete Jitter          (DJ):    0.000ns
    Phase Error              (PE):    0.000ns

    Location             Delay type                Incr(ns)  Path(ns)    Netlist Resource(s)
  -------------------------------------------------------------------    -------------------
                         (clock sys_clk_pin rise edge)
                                                      0.000     0.000 r  
    K17                                               0.000     0.000 r  sysclk (IN)
                         net (fo=0)                   0.000     0.000    sysclk
    K17                  IBUF (Prop_ibuf_I_O)         1.492     1.492 r  sysclk_IBUF_inst/O
                         net (fo=1, routed)           2.076     3.568    sysclk_IBUF
    BUFGCTRL_X0Y16       BUFG (Prop_bufg_I_O)         0.101     3.669 r  sysclk_IBUF_BUFG_inst/O
                         net (fo=31, routed)          1.728     5.397    U_GCLK_SEL/counter_reg[0]_0
    SLICE_X42Y80         FDRE                                         r  U_GCLK_SEL/counter_reg[19]/C
  -------------------------------------------------------------------    -------------------
    SLICE_X42Y80         FDRE (Prop_fdre_C_Q)         0.518     5.915 r  U_GCLK_SEL/counter_reg[19]/Q
                         net (fo=3, routed)           1.299     7.214    U_GCLK_SEL/counter_reg[19]
    SLICE_X43Y79         LUT2 (Prop_lut2_I0_O)        0.124     7.338 r  U_GCLK_SEL/counter1_carry__1_i_7/O
                         net (fo=1, routed)           0.000     7.338    U_GCLK_SEL/counter1_carry__1_i_7_n_0
    SLICE_X43Y79         CARRY4 (Prop_carry4_S[1]_CO[3])
                                                      0.550     7.888 r  U_GCLK_SEL/counter1_carry__1/CO[3]
                         net (fo=1, routed)           0.000     7.888    U_GCLK_SEL/counter1_carry__1_n_0
    SLICE_X43Y80         CARRY4 (Prop_carry4_CI_O[1])
                                                      0.334     8.222 r  U_GCLK_SEL/counter1_carry__2/O[1]
                         net (fo=27, routed)          1.037     9.259    U_GCLK_SEL/clear
    SLICE_X42Y76         FDRE                                         r  U_GCLK_SEL/counter_reg[1]/R
  -------------------------------------------------------------------    -------------------

                         (clock sys_clk_pin rise edge)
                                                      8.000     8.000 r  
    K17                                               0.000     8.000 r  sysclk (IN)
                         net (fo=0)                   0.000     8.000    sysclk
    K17                  IBUF (Prop_ibuf_I_O)         1.421     9.421 r  sysclk_IBUF_inst/O
                         net (fo=1, routed)           1.880    11.301    sysclk_IBUF
    BUFGCTRL_X0Y16       BUFG (Prop_bufg_I_O)         0.091    11.392 r  sysclk_IBUF_BUFG_inst/O
                         net (fo=31, routed)          1.548    12.940    U_GCLK_SEL/counter_reg[0]_0
    SLICE_X42Y76         FDRE                                         r  U_GCLK_SEL/counter_reg[1]/C
                         clock pessimism              0.429    13.369    
                         clock uncertainty           -0.035    13.333    
    SLICE_X42Y76         FDRE (Setup_fdre_C_R)       -0.703    12.630    U_GCLK_SEL/counter_reg[1]
  -------------------------------------------------------------------
                         required time                         12.630    
                         arrival time                          -9.259    
  -------------------------------------------------------------------
                         slack                                  3.371    

Slack (MET) :             3.371ns  (required time - arrival time)
  Source:                 U_GCLK_SEL/counter_reg[19]/C
                            (rising edge-triggered cell FDRE clocked by sys_clk_pin  {rise@0.000ns fall@4.000ns period=8.000ns})
  Destination:            U_GCLK_SEL/counter_reg[2]/R
                            (rising edge-triggered cell FDRE clocked by sys_clk_pin  {rise@0.000ns fall@4.000ns period=8.000ns})
  Path Group:             sys_clk_pin
  Path Type:              Setup (Max at Slow Process Corner)
  Requirement:            8.000ns  (sys_clk_pin rise@8.000ns - sys_clk_pin rise@0.000ns)
  Data Path Delay:        3.863ns  (logic 1.526ns (39.507%)  route 2.337ns (60.493%))
  Logic Levels:           3  (CARRY4=2 LUT2=1)
  Clock Path Skew:        -0.028ns (DCD - SCD + CPR)
    Destination Clock Delay (DCD):    4.940ns = ( 12.940 - 8.000 ) 
    Source Clock Delay      (SCD):    5.397ns
    Clock Pessimism Removal (CPR):    0.429ns
  Clock Uncertainty:      0.035ns  ((TSJ^2 + TIJ^2)^1/2 + DJ) / 2 + PE
    Total System Jitter     (TSJ):    0.071ns
    Total Input Jitter      (TIJ):    0.000ns
    Discrete Jitter          (DJ):    0.000ns
    Phase Error              (PE):    0.000ns

    Location             Delay type                Incr(ns)  Path(ns)    Netlist Resource(s)
  -------------------------------------------------------------------    -------------------
                         (clock sys_clk_pin rise edge)
                                                      0.000     0.000 r  
    K17                                               0.000     0.000 r  sysclk (IN)
                         net (fo=0)                   0.000     0.000    sysclk
    K17                  IBUF (Prop_ibuf_I_O)         1.492     1.492 r  sysclk_IBUF_inst/O
                         net (fo=1, routed)           2.076     3.568    sysclk_IBUF
    BUFGCTRL_X0Y16       BUFG (Prop_bufg_I_O)         0.101     3.669 r  sysclk_IBUF_BUFG_inst/O
                         net (fo=31, routed)          1.728     5.397    U_GCLK_SEL/counter_reg[0]_0
    SLICE_X42Y80         FDRE                                         r  U_GCLK_SEL/counter_reg[19]/C
  -------------------------------------------------------------------    -------------------
    SLICE_X42Y80         FDRE (Prop_fdre_C_Q)         0.518     5.915 r  U_GCLK_SEL/counter_reg[19]/Q
                         net (fo=3, routed)           1.299     7.214    U_GCLK_SEL/counter_reg[19]
    SLICE_X43Y79         LUT2 (Prop_lut2_I0_O)        0.124     7.338 r  U_GCLK_SEL/counter1_carry__1_i_7/O
                         net (fo=1, routed)           0.000     7.338    U_GCLK_SEL/counter1_carry__1_i_7_n_0
    SLICE_X43Y79         CARRY4 (Prop_carry4_S[1]_CO[3])
                                                      0.550     7.888 r  U_GCLK_SEL/counter1_carry__1/CO[3]
                         net (fo=1, routed)           0.000     7.888    U_GCLK_SEL/counter1_carry__1_n_0
    SLICE_X43Y80         CARRY4 (Prop_carry4_CI_O[1])
                                                      0.334     8.222 r  U_GCLK_SEL/counter1_carry__2/O[1]
                         net (fo=27, routed)          1.037     9.259    U_GCLK_SEL/clear
    SLICE_X42Y76         FDRE                                         r  U_GCLK_SEL/counter_reg[2]/R
  -------------------------------------------------------------------    -------------------

                         (clock sys_clk_pin rise edge)
                                                      8.000     8.000 r  
    K17                                               0.000     8.000 r  sysclk (IN)
                         net (fo=0)                   0.000     8.000    sysclk
    K17                  IBUF (Prop_ibuf_I_O)         1.421     9.421 r  sysclk_IBUF_inst/O
                         net (fo=1, routed)           1.880    11.301    sysclk_IBUF
    BUFGCTRL_X0Y16       BUFG (Prop_bufg_I_O)         0.091    11.392 r  sysclk_IBUF_BUFG_inst/O
                         net (fo=31, routed)          1.548    12.940    U_GCLK_SEL/counter_reg[0]_0
    SLICE_X42Y76         FDRE                                         r  U_GCLK_SEL/counter_reg[2]/C
                         clock pessimism              0.429    13.369    
                         clock uncertainty           -0.035    13.333    
    SLICE_X42Y76         FDRE (Setup_fdre_C_R)       -0.703    12.630    U_GCLK_SEL/counter_reg[2]
  -------------------------------------------------------------------
                         required time                         12.630    
                         arrival time                          -9.259    
  -------------------------------------------------------------------
                         slack                                  3.371    

Slack (MET) :             3.371ns  (required time - arrival time)
  Source:                 U_GCLK_SEL/counter_reg[19]/C
                            (rising edge-triggered cell FDRE clocked by sys_clk_pin  {rise@0.000ns fall@4.000ns period=8.000ns})
  Destination:            U_GCLK_SEL/counter_reg[3]/R
                            (rising edge-triggered cell FDRE clocked by sys_clk_pin  {rise@0.000ns fall@4.000ns period=8.000ns})
  Path Group:             sys_clk_pin
  Path Type:              Setup (Max at Slow Process Corner)
  Requirement:            8.000ns  (sys_clk_pin rise@8.000ns - sys_clk_pin rise@0.000ns)
  Data Path Delay:        3.863ns  (logic 1.526ns (39.507%)  route 2.337ns (60.493%))
  Logic Levels:           3  (CARRY4=2 LUT2=1)
  Clock Path Skew:        -0.028ns (DCD - SCD + CPR)
    Destination Clock Delay (DCD):    4.940ns = ( 12.940 - 8.000 ) 
    Source Clock Delay      (SCD):    5.397ns
    Clock Pessimism Removal (CPR):    0.429ns
  Clock Uncertainty:      0.035ns  ((TSJ^2 + TIJ^2)^1/2 + DJ) / 2 + PE
    Total System Jitter     (TSJ):    0.071ns
    Total Input Jitter      (TIJ):    0.000ns
    Discrete Jitter          (DJ):    0.000ns
    Phase Error              (PE):    0.000ns

    Location             Delay type                Incr(ns)  Path(ns)    Netlist Resource(s)
  -------------------------------------------------------------------    -------------------
                         (clock sys_clk_pin rise edge)
                                                      0.000     0.000 r  
    K17                                               0.000     0.000 r  sysclk (IN)
                         net (fo=0)                   0.000     0.000    sysclk
    K17                  IBUF (Prop_ibuf_I_O)         1.492     1.492 r  sysclk_IBUF_inst/O
                         net (fo=1, routed)           2.076     3.568    sysclk_IBUF
    BUFGCTRL_X0Y16       BUFG (Prop_bufg_I_O)         0.101     3.669 r  sysclk_IBUF_BUFG_inst/O
                         net (fo=31, routed)          1.728     5.397    U_GCLK_SEL/counter_reg[0]_0
    SLICE_X42Y80         FDRE                                         r  U_GCLK_SEL/counter_reg[19]/C
  -------------------------------------------------------------------    -------------------
    SLICE_X42Y80         FDRE (Prop_fdre_C_Q)         0.518     5.915 r  U_GCLK_SEL/counter_reg[19]/Q
                         net (fo=3, routed)           1.299     7.214    U_GCLK_SEL/counter_reg[19]
    SLICE_X43Y79         LUT2 (Prop_lut2_I0_O)        0.124     7.338 r  U_GCLK_SEL/counter1_carry__1_i_7/O
                         net (fo=1, routed)           0.000     7.338    U_GCLK_SEL/counter1_carry__1_i_7_n_0
    SLICE_X43Y79         CARRY4 (Prop_carry4_S[1]_CO[3])
                                                      0.550     7.888 r  U_GCLK_SEL/counter1_carry__1/CO[3]
                         net (fo=1, routed)           0.000     7.888    U_GCLK_SEL/counter1_carry__1_n_0
    SLICE_X43Y80         CARRY4 (Prop_carry4_CI_O[1])
                                                      0.334     8.222 r  U_GCLK_SEL/counter1_carry__2/O[1]
                         net (fo=27, routed)          1.037     9.259    U_GCLK_SEL/clear
    SLICE_X42Y76         FDRE                                         r  U_GCLK_SEL/counter_reg[3]/R
  -------------------------------------------------------------------    -------------------

                         (clock sys_clk_pin rise edge)
                                                      8.000     8.000 r  
    K17                                               0.000     8.000 r  sysclk (IN)
                         net (fo=0)                   0.000     8.000    sysclk
    K17                  IBUF (Prop_ibuf_I_O)         1.421     9.421 r  sysclk_IBUF_inst/O
                         net (fo=1, routed)           1.880    11.301    sysclk_IBUF
    BUFGCTRL_X0Y16       BUFG (Prop_bufg_I_O)         0.091    11.392 r  sysclk_IBUF_BUFG_inst/O
                         net (fo=31, routed)          1.548    12.940    U_GCLK_SEL/counter_reg[0]_0
    SLICE_X42Y76         FDRE                                         r  U_GCLK_SEL/counter_reg[3]/C
                         clock pessimism              0.429    13.369    
                         clock uncertainty           -0.035    13.333    
    SLICE_X42Y76         FDRE (Setup_fdre_C_R)       -0.703    12.630    U_GCLK_SEL/counter_reg[3]
  -------------------------------------------------------------------
                         required time                         12.630    
                         arrival time                          -9.259    
  -------------------------------------------------------------------
                         slack                                  3.371    

Slack (MET) :             3.522ns  (required time - arrival time)
  Source:                 U_GCLK_SEL/counter_reg[19]/C
                            (rising edge-triggered cell FDRE clocked by sys_clk_pin  {rise@0.000ns fall@4.000ns period=8.000ns})
  Destination:            U_GCLK_SEL/counter_reg[4]/R
                            (rising edge-triggered cell FDRE clocked by sys_clk_pin  {rise@0.000ns fall@4.000ns period=8.000ns})
  Path Group:             sys_clk_pin
  Path Type:              Setup (Max at Slow Process Corner)
  Requirement:            8.000ns  (sys_clk_pin rise@8.000ns - sys_clk_pin rise@0.000ns)
  Data Path Delay:        3.713ns  (logic 1.526ns (41.100%)  route 2.187ns (58.900%))
  Logic Levels:           3  (CARRY4=2 LUT2=1)
  Clock Path Skew:        -0.027ns (DCD - SCD + CPR)
    Destination Clock Delay (DCD):    4.941ns = ( 12.941 - 8.000 ) 
    Source Clock Delay      (SCD):    5.397ns
    Clock Pessimism Removal (CPR):    0.429ns
  Clock Uncertainty:      0.035ns  ((TSJ^2 + TIJ^2)^1/2 + DJ) / 2 + PE
    Total System Jitter     (TSJ):    0.071ns
    Total Input Jitter      (TIJ):    0.000ns
    Discrete Jitter          (DJ):    0.000ns
    Phase Error              (PE):    0.000ns

    Location             Delay type                Incr(ns)  Path(ns)    Netlist Resource(s)
  -------------------------------------------------------------------    -------------------
                         (clock sys_clk_pin rise edge)
                                                      0.000     0.000 r  
    K17                                               0.000     0.000 r  sysclk (IN)
                         net (fo=0)                   0.000     0.000    sysclk
    K17                  IBUF (Prop_ibuf_I_O)         1.492     1.492 r  sysclk_IBUF_inst/O
                         net (fo=1, routed)           2.076     3.568    sysclk_IBUF
    BUFGCTRL_X0Y16       BUFG (Prop_bufg_I_O)         0.101     3.669 r  sysclk_IBUF_BUFG_inst/O
                         net (fo=31, routed)          1.728     5.397    U_GCLK_SEL/counter_reg[0]_0
    SLICE_X42Y80         FDRE                                         r  U_GCLK_SEL/counter_reg[19]/C
  -------------------------------------------------------------------    -------------------
    SLICE_X42Y80         FDRE (Prop_fdre_C_Q)         0.518     5.915 r  U_GCLK_SEL/counter_reg[19]/Q
                         net (fo=3, routed)           1.299     7.214    U_GCLK_SEL/counter_reg[19]
    SLICE_X43Y79         LUT2 (Prop_lut2_I0_O)        0.124     7.338 r  U_GCLK_SEL/counter1_carry__1_i_7/O
                         net (fo=1, routed)           0.000     7.338    U_GCLK_SEL/counter1_carry__1_i_7_n_0
    SLICE_X43Y79         CARRY4 (Prop_carry4_S[1]_CO[3])
                                                      0.550     7.888 r  U_GCLK_SEL/counter1_carry__1/CO[3]
                         net (fo=1, routed)           0.000     7.888    U_GCLK_SEL/counter1_carry__1_n_0
    SLICE_X43Y80         CARRY4 (Prop_carry4_CI_O[1])
                                                      0.334     8.222 r  U_GCLK_SEL/counter1_carry__2/O[1]
                         net (fo=27, routed)          0.888     9.110    U_GCLK_SEL/clear
    SLICE_X42Y77         FDRE                                         r  U_GCLK_SEL/counter_reg[4]/R
  -------------------------------------------------------------------    -------------------

                         (clock sys_clk_pin rise edge)
                                                      8.000     8.000 r  
    K17                                               0.000     8.000 r  sysclk (IN)
                         net (fo=0)                   0.000     8.000    sysclk
    K17                  IBUF (Prop_ibuf_I_O)         1.421     9.421 r  sysclk_IBUF_inst/O
                         net (fo=1, routed)           1.880    11.301    sysclk_IBUF
    BUFGCTRL_X0Y16       BUFG (Prop_bufg_I_O)         0.091    11.392 r  sysclk_IBUF_BUFG_inst/O
                         net (fo=31, routed)          1.549    12.941    U_GCLK_SEL/counter_reg[0]_0
    SLICE_X42Y77         FDRE                                         r  U_GCLK_SEL/counter_reg[4]/C
                         clock pessimism              0.429    13.370    
                         clock uncertainty           -0.035    13.334    
    SLICE_X42Y77         FDRE (Setup_fdre_C_R)       -0.703    12.631    U_GCLK_SEL/counter_reg[4]
  -------------------------------------------------------------------
                         required time                         12.631    
                         arrival time                          -9.110    
  -------------------------------------------------------------------
                         slack                                  3.522    

Slack (MET) :             3.522ns  (required time - arrival time)
  Source:                 U_GCLK_SEL/counter_reg[19]/C
                            (rising edge-triggered cell FDRE clocked by sys_clk_pin  {rise@0.000ns fall@4.000ns period=8.000ns})
  Destination:            U_GCLK_SEL/counter_reg[5]/R
                            (rising edge-triggered cell FDRE clocked by sys_clk_pin  {rise@0.000ns fall@4.000ns period=8.000ns})
  Path Group:             sys_clk_pin
  Path Type:              Setup (Max at Slow Process Corner)
  Requirement:            8.000ns  (sys_clk_pin rise@8.000ns - sys_clk_pin rise@0.000ns)
  Data Path Delay:        3.713ns  (logic 1.526ns (41.100%)  route 2.187ns (58.900%))
  Logic Levels:           3  (CARRY4=2 LUT2=1)
  Clock Path Skew:        -0.027ns (DCD - SCD + CPR)
    Destination Clock Delay (DCD):    4.941ns = ( 12.941 - 8.000 ) 
    Source Clock Delay      (SCD):    5.397ns
    Clock Pessimism Removal (CPR):    0.429ns
  Clock Uncertainty:      0.035ns  ((TSJ^2 + TIJ^2)^1/2 + DJ) / 2 + PE
    Total System Jitter     (TSJ):    0.071ns
    Total Input Jitter      (TIJ):    0.000ns
    Discrete Jitter          (DJ):    0.000ns
    Phase Error              (PE):    0.000ns

    Location             Delay type                Incr(ns)  Path(ns)    Netlist Resource(s)
  -------------------------------------------------------------------    -------------------
                         (clock sys_clk_pin rise edge)
                                                      0.000     0.000 r  
    K17                                               0.000     0.000 r  sysclk (IN)
                         net (fo=0)                   0.000     0.000    sysclk
    K17                  IBUF (Prop_ibuf_I_O)         1.492     1.492 r  sysclk_IBUF_inst/O
                         net (fo=1, routed)           2.076     3.568    sysclk_IBUF
    BUFGCTRL_X0Y16       BUFG (Prop_bufg_I_O)         0.101     3.669 r  sysclk_IBUF_BUFG_inst/O
                         net (fo=31, routed)          1.728     5.397    U_GCLK_SEL/counter_reg[0]_0
    SLICE_X42Y80         FDRE                                         r  U_GCLK_SEL/counter_reg[19]/C
  -------------------------------------------------------------------    -------------------
    SLICE_X42Y80         FDRE (Prop_fdre_C_Q)         0.518     5.915 r  U_GCLK_SEL/counter_reg[19]/Q
                         net (fo=3, routed)           1.299     7.214    U_GCLK_SEL/counter_reg[19]
    SLICE_X43Y79         LUT2 (Prop_lut2_I0_O)        0.124     7.338 r  U_GCLK_SEL/counter1_carry__1_i_7/O
                         net (fo=1, routed)           0.000     7.338    U_GCLK_SEL/counter1_carry__1_i_7_n_0
    SLICE_X43Y79         CARRY4 (Prop_carry4_S[1]_CO[3])
                                                      0.550     7.888 r  U_GCLK_SEL/counter1_carry__1/CO[3]
                         net (fo=1, routed)           0.000     7.888    U_GCLK_SEL/counter1_carry__1_n_0
    SLICE_X43Y80         CARRY4 (Prop_carry4_CI_O[1])
                                                      0.334     8.222 r  U_GCLK_SEL/counter1_carry__2/O[1]
                         net (fo=27, routed)          0.888     9.110    U_GCLK_SEL/clear
    SLICE_X42Y77         FDRE                                         r  U_GCLK_SEL/counter_reg[5]/R
  -------------------------------------------------------------------    -------------------

                         (clock sys_clk_pin rise edge)
                                                      8.000     8.000 r  
    K17                                               0.000     8.000 r  sysclk (IN)
                         net (fo=0)                   0.000     8.000    sysclk
    K17                  IBUF (Prop_ibuf_I_O)         1.421     9.421 r  sysclk_IBUF_inst/O
                         net (fo=1, routed)           1.880    11.301    sysclk_IBUF
    BUFGCTRL_X0Y16       BUFG (Prop_bufg_I_O)         0.091    11.392 r  sysclk_IBUF_BUFG_inst/O
                         net (fo=31, routed)          1.549    12.941    U_GCLK_SEL/counter_reg[0]_0
    SLICE_X42Y77         FDRE                                         r  U_GCLK_SEL/counter_reg[5]/C
                         clock pessimism              0.429    13.370    
                         clock uncertainty           -0.035    13.334    
    SLICE_X42Y77         FDRE (Setup_fdre_C_R)       -0.703    12.631    U_GCLK_SEL/counter_reg[5]
  -------------------------------------------------------------------
                         required time                         12.631    
                         arrival time                          -9.110    
  -------------------------------------------------------------------
                         slack                                  3.522    

Slack (MET) :             3.522ns  (required time - arrival time)
  Source:                 U_GCLK_SEL/counter_reg[19]/C
                            (rising edge-triggered cell FDRE clocked by sys_clk_pin  {rise@0.000ns fall@4.000ns period=8.000ns})
  Destination:            U_GCLK_SEL/counter_reg[6]/R
                            (rising edge-triggered cell FDRE clocked by sys_clk_pin  {rise@0.000ns fall@4.000ns period=8.000ns})
  Path Group:             sys_clk_pin
  Path Type:              Setup (Max at Slow Process Corner)
  Requirement:            8.000ns  (sys_clk_pin rise@8.000ns - sys_clk_pin rise@0.000ns)
  Data Path Delay:        3.713ns  (logic 1.526ns (41.100%)  route 2.187ns (58.900%))
  Logic Levels:           3  (CARRY4=2 LUT2=1)
  Clock Path Skew:        -0.027ns (DCD - SCD + CPR)
    Destination Clock Delay (DCD):    4.941ns = ( 12.941 - 8.000 ) 
    Source Clock Delay      (SCD):    5.397ns
    Clock Pessimism Removal (CPR):    0.429ns
  Clock Uncertainty:      0.035ns  ((TSJ^2 + TIJ^2)^1/2 + DJ) / 2 + PE
    Total System Jitter     (TSJ):    0.071ns
    Total Input Jitter      (TIJ):    0.000ns
    Discrete Jitter          (DJ):    0.000ns
    Phase Error              (PE):    0.000ns

    Location             Delay type                Incr(ns)  Path(ns)    Netlist Resource(s)
  -------------------------------------------------------------------    -------------------
                         (clock sys_clk_pin rise edge)
                                                      0.000     0.000 r  
    K17                                               0.000     0.000 r  sysclk (IN)
                         net (fo=0)                   0.000     0.000    sysclk
    K17                  IBUF (Prop_ibuf_I_O)         1.492     1.492 r  sysclk_IBUF_inst/O
                         net (fo=1, routed)           2.076     3.568    sysclk_IBUF
    BUFGCTRL_X0Y16       BUFG (Prop_bufg_I_O)         0.101     3.669 r  sysclk_IBUF_BUFG_inst/O
                         net (fo=31, routed)          1.728     5.397    U_GCLK_SEL/counter_reg[0]_0
    SLICE_X42Y80         FDRE                                         r  U_GCLK_SEL/counter_reg[19]/C
  -------------------------------------------------------------------    -------------------
    SLICE_X42Y80         FDRE (Prop_fdre_C_Q)         0.518     5.915 r  U_GCLK_SEL/counter_reg[19]/Q
                         net (fo=3, routed)           1.299     7.214    U_GCLK_SEL/counter_reg[19]
    SLICE_X43Y79         LUT2 (Prop_lut2_I0_O)        0.124     7.338 r  U_GCLK_SEL/counter1_carry__1_i_7/O
                         net (fo=1, routed)           0.000     7.338    U_GCLK_SEL/counter1_carry__1_i_7_n_0
    SLICE_X43Y79         CARRY4 (Prop_carry4_S[1]_CO[3])
                                                      0.550     7.888 r  U_GCLK_SEL/counter1_carry__1/CO[3]
                         net (fo=1, routed)           0.000     7.888    U_GCLK_SEL/counter1_carry__1_n_0
    SLICE_X43Y80         CARRY4 (Prop_carry4_CI_O[1])
                                                      0.334     8.222 r  U_GCLK_SEL/counter1_carry__2/O[1]
                         net (fo=27, routed)          0.888     9.110    U_GCLK_SEL/clear
    SLICE_X42Y77         FDRE                                         r  U_GCLK_SEL/counter_reg[6]/R
  -------------------------------------------------------------------    -------------------

                         (clock sys_clk_pin rise edge)
                                                      8.000     8.000 r  
    K17                                               0.000     8.000 r  sysclk (IN)
                         net (fo=0)                   0.000     8.000    sysclk
    K17                  IBUF (Prop_ibuf_I_O)         1.421     9.421 r  sysclk_IBUF_inst/O
                         net (fo=1, routed)           1.880    11.301    sysclk_IBUF
    BUFGCTRL_X0Y16       BUFG (Prop_bufg_I_O)         0.091    11.392 r  sysclk_IBUF_BUFG_inst/O
                         net (fo=31, routed)          1.549    12.941    U_GCLK_SEL/counter_reg[0]_0
    SLICE_X42Y77         FDRE                                         r  U_GCLK_SEL/counter_reg[6]/C
                         clock pessimism              0.429    13.370    
                         clock uncertainty           -0.035    13.334    
    SLICE_X42Y77         FDRE (Setup_fdre_C_R)       -0.703    12.631    U_GCLK_SEL/counter_reg[6]
  -------------------------------------------------------------------
                         required time                         12.631    
                         arrival time                          -9.110    
  -------------------------------------------------------------------
                         slack                                  3.522    

Slack (MET) :             3.522ns  (required time - arrival time)
  Source:                 U_GCLK_SEL/counter_reg[19]/C
                            (rising edge-triggered cell FDRE clocked by sys_clk_pin  {rise@0.000ns fall@4.000ns period=8.000ns})
  Destination:            U_GCLK_SEL/counter_reg[7]/R
                            (rising edge-triggered cell FDRE clocked by sys_clk_pin  {rise@0.000ns fall@4.000ns period=8.000ns})
  Path Group:             sys_clk_pin
  Path Type:              Setup (Max at Slow Process Corner)
  Requirement:            8.000ns  (sys_clk_pin rise@8.000ns - sys_clk_pin rise@0.000ns)
  Data Path Delay:        3.713ns  (logic 1.526ns (41.100%)  route 2.187ns (58.900%))
  Logic Levels:           3  (CARRY4=2 LUT2=1)
  Clock Path Skew:        -0.027ns (DCD - SCD + CPR)
    Destination Clock Delay (DCD):    4.941ns = ( 12.941 - 8.000 ) 
    Source Clock Delay      (SCD):    5.397ns
    Clock Pessimism Removal (CPR):    0.429ns
  Clock Uncertainty:      0.035ns  ((TSJ^2 + TIJ^2)^1/2 + DJ) / 2 + PE
    Total System Jitter     (TSJ):    0.071ns
    Total Input Jitter      (TIJ):    0.000ns
    Discrete Jitter          (DJ):    0.000ns
    Phase Error              (PE):    0.000ns

    Location             Delay type                Incr(ns)  Path(ns)    Netlist Resource(s)
  -------------------------------------------------------------------    -------------------
                         (clock sys_clk_pin rise edge)
                                                      0.000     0.000 r  
    K17                                               0.000     0.000 r  sysclk (IN)
                         net (fo=0)                   0.000     0.000    sysclk
    K17                  IBUF (Prop_ibuf_I_O)         1.492     1.492 r  sysclk_IBUF_inst/O
                         net (fo=1, routed)           2.076     3.568    sysclk_IBUF
    BUFGCTRL_X0Y16       BUFG (Prop_bufg_I_O)         0.101     3.669 r  sysclk_IBUF_BUFG_inst/O
                         net (fo=31, routed)          1.728     5.397    U_GCLK_SEL/counter_reg[0]_0
    SLICE_X42Y80         FDRE                                         r  U_GCLK_SEL/counter_reg[19]/C
  -------------------------------------------------------------------    -------------------
    SLICE_X42Y80         FDRE (Prop_fdre_C_Q)         0.518     5.915 r  U_GCLK_SEL/counter_reg[19]/Q
                         net (fo=3, routed)           1.299     7.214    U_GCLK_SEL/counter_reg[19]
    SLICE_X43Y79         LUT2 (Prop_lut2_I0_O)        0.124     7.338 r  U_GCLK_SEL/counter1_carry__1_i_7/O
                         net (fo=1, routed)           0.000     7.338    U_GCLK_SEL/counter1_carry__1_i_7_n_0
    SLICE_X43Y79         CARRY4 (Prop_carry4_S[1]_CO[3])
                                                      0.550     7.888 r  U_GCLK_SEL/counter1_carry__1/CO[3]
                         net (fo=1, routed)           0.000     7.888    U_GCLK_SEL/counter1_carry__1_n_0
    SLICE_X43Y80         CARRY4 (Prop_carry4_CI_O[1])
                                                      0.334     8.222 r  U_GCLK_SEL/counter1_carry__2/O[1]
                         net (fo=27, routed)          0.888     9.110    U_GCLK_SEL/clear
    SLICE_X42Y77         FDRE                                         r  U_GCLK_SEL/counter_reg[7]/R
  -------------------------------------------------------------------    -------------------

                         (clock sys_clk_pin rise edge)
                                                      8.000     8.000 r  
    K17                                               0.000     8.000 r  sysclk (IN)
                         net (fo=0)                   0.000     8.000    sysclk
    K17                  IBUF (Prop_ibuf_I_O)         1.421     9.421 r  sysclk_IBUF_inst/O
                         net (fo=1, routed)           1.880    11.301    sysclk_IBUF
    BUFGCTRL_X0Y16       BUFG (Prop_bufg_I_O)         0.091    11.392 r  sysclk_IBUF_BUFG_inst/O
                         net (fo=31, routed)          1.549    12.941    U_GCLK_SEL/counter_reg[0]_0
    SLICE_X42Y77         FDRE                                         r  U_GCLK_SEL/counter_reg[7]/C
                         clock pessimism              0.429    13.370    
                         clock uncertainty           -0.035    13.334    
    SLICE_X42Y77         FDRE (Setup_fdre_C_R)       -0.703    12.631    U_GCLK_SEL/counter_reg[7]
  -------------------------------------------------------------------
                         required time                         12.631    
                         arrival time                          -9.110    
  -------------------------------------------------------------------
                         slack                                  3.522    

Slack (MET) :             3.674ns  (required time - arrival time)
  Source:                 U_GCLK_SEL/counter_reg[19]/C
                            (rising edge-triggered cell FDRE clocked by sys_clk_pin  {rise@0.000ns fall@4.000ns period=8.000ns})
  Destination:            U_GCLK_SEL/counter_reg[10]/R
                            (rising edge-triggered cell FDRE clocked by sys_clk_pin  {rise@0.000ns fall@4.000ns period=8.000ns})
  Path Group:             sys_clk_pin
  Path Type:              Setup (Max at Slow Process Corner)
  Requirement:            8.000ns  (sys_clk_pin rise@8.000ns - sys_clk_pin rise@0.000ns)
  Data Path Delay:        3.563ns  (logic 1.526ns (42.828%)  route 2.037ns (57.172%))
  Logic Levels:           3  (CARRY4=2 LUT2=1)
  Clock Path Skew:        -0.025ns (DCD - SCD + CPR)
    Destination Clock Delay (DCD):    4.943ns = ( 12.943 - 8.000 ) 
    Source Clock Delay      (SCD):    5.397ns
    Clock Pessimism Removal (CPR):    0.429ns
  Clock Uncertainty:      0.035ns  ((TSJ^2 + TIJ^2)^1/2 + DJ) / 2 + PE
    Total System Jitter     (TSJ):    0.071ns
    Total Input Jitter      (TIJ):    0.000ns
    Discrete Jitter          (DJ):    0.000ns
    Phase Error              (PE):    0.000ns

    Location             Delay type                Incr(ns)  Path(ns)    Netlist Resource(s)
  -------------------------------------------------------------------    -------------------
                         (clock sys_clk_pin rise edge)
                                                      0.000     0.000 r  
    K17                                               0.000     0.000 r  sysclk (IN)
                         net (fo=0)                   0.000     0.000    sysclk
    K17                  IBUF (Prop_ibuf_I_O)         1.492     1.492 r  sysclk_IBUF_inst/O
                         net (fo=1, routed)           2.076     3.568    sysclk_IBUF
    BUFGCTRL_X0Y16       BUFG (Prop_bufg_I_O)         0.101     3.669 r  sysclk_IBUF_BUFG_inst/O
                         net (fo=31, routed)          1.728     5.397    U_GCLK_SEL/counter_reg[0]_0
    SLICE_X42Y80         FDRE                                         r  U_GCLK_SEL/counter_reg[19]/C
  -------------------------------------------------------------------    -------------------
    SLICE_X42Y80         FDRE (Prop_fdre_C_Q)         0.518     5.915 r  U_GCLK_SEL/counter_reg[19]/Q
                         net (fo=3, routed)           1.299     7.214    U_GCLK_SEL/counter_reg[19]
    SLICE_X43Y79         LUT2 (Prop_lut2_I0_O)        0.124     7.338 r  U_GCLK_SEL/counter1_carry__1_i_7/O
                         net (fo=1, routed)           0.000     7.338    U_GCLK_SEL/counter1_carry__1_i_7_n_0
    SLICE_X43Y79         CARRY4 (Prop_carry4_S[1]_CO[3])
                                                      0.550     7.888 r  U_GCLK_SEL/counter1_carry__1/CO[3]
                         net (fo=1, routed)           0.000     7.888    U_GCLK_SEL/counter1_carry__1_n_0
    SLICE_X43Y80         CARRY4 (Prop_carry4_CI_O[1])
                                                      0.334     8.222 r  U_GCLK_SEL/counter1_carry__2/O[1]
                         net (fo=27, routed)          0.738     8.960    U_GCLK_SEL/clear
    SLICE_X42Y78         FDRE                                         r  U_GCLK_SEL/counter_reg[10]/R
  -------------------------------------------------------------------    -------------------

                         (clock sys_clk_pin rise edge)
                                                      8.000     8.000 r  
    K17                                               0.000     8.000 r  sysclk (IN)
                         net (fo=0)                   0.000     8.000    sysclk
    K17                  IBUF (Prop_ibuf_I_O)         1.421     9.421 r  sysclk_IBUF_inst/O
                         net (fo=1, routed)           1.880    11.301    sysclk_IBUF
    BUFGCTRL_X0Y16       BUFG (Prop_bufg_I_O)         0.091    11.392 r  sysclk_IBUF_BUFG_inst/O
                         net (fo=31, routed)          1.551    12.943    U_GCLK_SEL/counter_reg[0]_0
    SLICE_X42Y78         FDRE                                         r  U_GCLK_SEL/counter_reg[10]/C
                         clock pessimism              0.429    13.372    
                         clock uncertainty           -0.035    13.336    
    SLICE_X42Y78         FDRE (Setup_fdre_C_R)       -0.703    12.633    U_GCLK_SEL/counter_reg[10]
  -------------------------------------------------------------------
                         required time                         12.633    
                         arrival time                          -8.960    
  -------------------------------------------------------------------
                         slack                                  3.674    

Slack (MET) :             3.674ns  (required time - arrival time)
  Source:                 U_GCLK_SEL/counter_reg[19]/C
                            (rising edge-triggered cell FDRE clocked by sys_clk_pin  {rise@0.000ns fall@4.000ns period=8.000ns})
  Destination:            U_GCLK_SEL/counter_reg[11]/R
                            (rising edge-triggered cell FDRE clocked by sys_clk_pin  {rise@0.000ns fall@4.000ns period=8.000ns})
  Path Group:             sys_clk_pin
  Path Type:              Setup (Max at Slow Process Corner)
  Requirement:            8.000ns  (sys_clk_pin rise@8.000ns - sys_clk_pin rise@0.000ns)
  Data Path Delay:        3.563ns  (logic 1.526ns (42.828%)  route 2.037ns (57.172%))
  Logic Levels:           3  (CARRY4=2 LUT2=1)
  Clock Path Skew:        -0.025ns (DCD - SCD + CPR)
    Destination Clock Delay (DCD):    4.943ns = ( 12.943 - 8.000 ) 
    Source Clock Delay      (SCD):    5.397ns
    Clock Pessimism Removal (CPR):    0.429ns
  Clock Uncertainty:      0.035ns  ((TSJ^2 + TIJ^2)^1/2 + DJ) / 2 + PE
    Total System Jitter     (TSJ):    0.071ns
    Total Input Jitter      (TIJ):    0.000ns
    Discrete Jitter          (DJ):    0.000ns
    Phase Error              (PE):    0.000ns

    Location             Delay type                Incr(ns)  Path(ns)    Netlist Resource(s)
  -------------------------------------------------------------------    -------------------
                         (clock sys_clk_pin rise edge)
                                                      0.000     0.000 r  
    K17                                               0.000     0.000 r  sysclk (IN)
                         net (fo=0)                   0.000     0.000    sysclk
    K17                  IBUF (Prop_ibuf_I_O)         1.492     1.492 r  sysclk_IBUF_inst/O
                         net (fo=1, routed)           2.076     3.568    sysclk_IBUF
    BUFGCTRL_X0Y16       BUFG (Prop_bufg_I_O)         0.101     3.669 r  sysclk_IBUF_BUFG_inst/O
                         net (fo=31, routed)          1.728     5.397    U_GCLK_SEL/counter_reg[0]_0
    SLICE_X42Y80         FDRE                                         r  U_GCLK_SEL/counter_reg[19]/C
  -------------------------------------------------------------------    -------------------
    SLICE_X42Y80         FDRE (Prop_fdre_C_Q)         0.518     5.915 r  U_GCLK_SEL/counter_reg[19]/Q
                         net (fo=3, routed)           1.299     7.214    U_GCLK_SEL/counter_reg[19]
    SLICE_X43Y79         LUT2 (Prop_lut2_I0_O)        0.124     7.338 r  U_GCLK_SEL/counter1_carry__1_i_7/O
                         net (fo=1, routed)           0.000     7.338    U_GCLK_SEL/counter1_carry__1_i_7_n_0
    SLICE_X43Y79         CARRY4 (Prop_carry4_S[1]_CO[3])
                                                      0.550     7.888 r  U_GCLK_SEL/counter1_carry__1/CO[3]
                         net (fo=1, routed)           0.000     7.888    U_GCLK_SEL/counter1_carry__1_n_0
    SLICE_X43Y80         CARRY4 (Prop_carry4_CI_O[1])
                                                      0.334     8.222 r  U_GCLK_SEL/counter1_carry__2/O[1]
                         net (fo=27, routed)          0.738     8.960    U_GCLK_SEL/clear
    SLICE_X42Y78         FDRE                                         r  U_GCLK_SEL/counter_reg[11]/R
  -------------------------------------------------------------------    -------------------

                         (clock sys_clk_pin rise edge)
                                                      8.000     8.000 r  
    K17                                               0.000     8.000 r  sysclk (IN)
                         net (fo=0)                   0.000     8.000    sysclk
    K17                  IBUF (Prop_ibuf_I_O)         1.421     9.421 r  sysclk_IBUF_inst/O
                         net (fo=1, routed)           1.880    11.301    sysclk_IBUF
    BUFGCTRL_X0Y16       BUFG (Prop_bufg_I_O)         0.091    11.392 r  sysclk_IBUF_BUFG_inst/O
                         net (fo=31, routed)          1.551    12.943    U_GCLK_SEL/counter_reg[0]_0
    SLICE_X42Y78         FDRE                                         r  U_GCLK_SEL/counter_reg[11]/C
                         clock pessimism              0.429    13.372    
                         clock uncertainty           -0.035    13.336    
    SLICE_X42Y78         FDRE (Setup_fdre_C_R)       -0.703    12.633    U_GCLK_SEL/counter_reg[11]
  -------------------------------------------------------------------
                         required time                         12.633    
                         arrival time                          -8.960    
  -------------------------------------------------------------------
                         slack                                  3.674    





Min Delay Paths
--------------------------------------------------------------------------------------
Slack (MET) :             0.263ns  (arrival time - required time)
  Source:                 U_GCLK_SEL/aux_sclk_reg/C
                            (rising edge-triggered cell FDRE clocked by sys_clk_pin  {rise@0.000ns fall@4.000ns period=8.000ns})
  Destination:            U_GCLK_SEL/aux_sclk_reg/D
                            (rising edge-triggered cell FDRE clocked by sys_clk_pin  {rise@0.000ns fall@4.000ns period=8.000ns})
  Path Group:             sys_clk_pin
  Path Type:              Hold (Min at Fast Process Corner)
  Requirement:            0.000ns  (sys_clk_pin rise@0.000ns - sys_clk_pin rise@0.000ns)
  Data Path Delay:        0.354ns  (logic 0.186ns (52.507%)  route 0.168ns (47.493%))
  Logic Levels:           1  (LUT2=1)
  Clock Path Skew:        0.000ns (DCD - SCD - CPR)
    Destination Clock Delay (DCD):    2.002ns
    Source Clock Delay      (SCD):    1.488ns
    Clock Pessimism Removal (CPR):    0.514ns

    Location             Delay type                Incr(ns)  Path(ns)    Netlist Resource(s)
  -------------------------------------------------------------------    -------------------
                         (clock sys_clk_pin rise edge)
                                                      0.000     0.000 r  
    K17                                               0.000     0.000 r  sysclk (IN)
                         net (fo=0)                   0.000     0.000    sysclk
    K17                  IBUF (Prop_ibuf_I_O)         0.259     0.259 r  sysclk_IBUF_inst/O
                         net (fo=1, routed)           0.627     0.887    sysclk_IBUF
    BUFGCTRL_X0Y16       BUFG (Prop_bufg_I_O)         0.026     0.913 r  sysclk_IBUF_BUFG_inst/O
                         net (fo=31, routed)          0.576     1.488    U_GCLK_SEL/counter_reg[0]_0
    SLICE_X43Y76         FDRE                                         r  U_GCLK_SEL/aux_sclk_reg/C
  -------------------------------------------------------------------    -------------------
    SLICE_X43Y76         FDRE (Prop_fdre_C_Q)         0.141     1.629 r  U_GCLK_SEL/aux_sclk_reg/Q
                         net (fo=5, routed)           0.168     1.798    U_GCLK_SEL/CLK
    SLICE_X43Y76         LUT2 (Prop_lut2_I1_O)        0.045     1.843 r  U_GCLK_SEL/aux_sclk_i_1/O
                         net (fo=1, routed)           0.000     1.843    U_GCLK_SEL/aux_sclk_i_1_n_0
    SLICE_X43Y76         FDRE                                         r  U_GCLK_SEL/aux_sclk_reg/D
  -------------------------------------------------------------------    -------------------

                         (clock sys_clk_pin rise edge)
                                                      0.000     0.000 r  
    K17                                               0.000     0.000 r  sysclk (IN)
                         net (fo=0)                   0.000     0.000    sysclk
    K17                  IBUF (Prop_ibuf_I_O)         0.447     0.447 r  sysclk_IBUF_inst/O
                         net (fo=1, routed)           0.683     1.130    sysclk_IBUF
    BUFGCTRL_X0Y16       BUFG (Prop_bufg_I_O)         0.029     1.159 r  sysclk_IBUF_BUFG_inst/O
                         net (fo=31, routed)          0.843     2.002    U_GCLK_SEL/counter_reg[0]_0
    SLICE_X43Y76         FDRE                                         r  U_GCLK_SEL/aux_sclk_reg/C
                         clock pessimism             -0.514     1.488    
    SLICE_X43Y76         FDRE (Hold_fdre_C_D)         0.091     1.579    U_GCLK_SEL/aux_sclk_reg
  -------------------------------------------------------------------
                         required time                         -1.579    
                         arrival time                           1.843    
  -------------------------------------------------------------------
                         slack                                  0.263    

Slack (MET) :             0.265ns  (arrival time - required time)
  Source:                 U_GCLK_SEL/counter_reg[6]/C
                            (rising edge-triggered cell FDRE clocked by sys_clk_pin  {rise@0.000ns fall@4.000ns period=8.000ns})
  Destination:            U_GCLK_SEL/counter_reg[6]/D
                            (rising edge-triggered cell FDRE clocked by sys_clk_pin  {rise@0.000ns fall@4.000ns period=8.000ns})
  Path Group:             sys_clk_pin
  Path Type:              Hold (Min at Fast Process Corner)
  Requirement:            0.000ns  (sys_clk_pin rise@0.000ns - sys_clk_pin rise@0.000ns)
  Data Path Delay:        0.399ns  (logic 0.274ns (68.589%)  route 0.125ns (31.411%))
  Logic Levels:           1  (CARRY4=1)
  Clock Path Skew:        0.000ns (DCD - SCD - CPR)
    Destination Clock Delay (DCD):    2.004ns
    Source Clock Delay      (SCD):    1.490ns
    Clock Pessimism Removal (CPR):    0.514ns

    Location             Delay type                Incr(ns)  Path(ns)    Netlist Resource(s)
  -------------------------------------------------------------------    -------------------
                         (clock sys_clk_pin rise edge)
                                                      0.000     0.000 r  
    K17                                               0.000     0.000 r  sysclk (IN)
                         net (fo=0)                   0.000     0.000    sysclk
    K17                  IBUF (Prop_ibuf_I_O)         0.259     0.259 r  sysclk_IBUF_inst/O
                         net (fo=1, routed)           0.627     0.887    sysclk_IBUF
    BUFGCTRL_X0Y16       BUFG (Prop_bufg_I_O)         0.026     0.913 r  sysclk_IBUF_BUFG_inst/O
                         net (fo=31, routed)          0.578     1.490    U_GCLK_SEL/counter_reg[0]_0
    SLICE_X42Y77         FDRE                                         r  U_GCLK_SEL/counter_reg[6]/C
  -------------------------------------------------------------------    -------------------
    SLICE_X42Y77         FDRE (Prop_fdre_C_Q)         0.164     1.654 r  U_GCLK_SEL/counter_reg[6]/Q
                         net (fo=2, routed)           0.125     1.780    U_GCLK_SEL/counter_reg[6]
    SLICE_X42Y77         CARRY4 (Prop_carry4_S[2]_O[2])
                                                      0.110     1.890 r  U_GCLK_SEL/counter_reg[4]_i_1/O[2]
                         net (fo=1, routed)           0.000     1.890    U_GCLK_SEL/counter_reg[4]_i_1_n_5
    SLICE_X42Y77         FDRE                                         r  U_GCLK_SEL/counter_reg[6]/D
  -------------------------------------------------------------------    -------------------

                         (clock sys_clk_pin rise edge)
                                                      0.000     0.000 r  
    K17                                               0.000     0.000 r  sysclk (IN)
                         net (fo=0)                   0.000     0.000    sysclk
    K17                  IBUF (Prop_ibuf_I_O)         0.447     0.447 r  sysclk_IBUF_inst/O
                         net (fo=1, routed)           0.683     1.130    sysclk_IBUF
    BUFGCTRL_X0Y16       BUFG (Prop_bufg_I_O)         0.029     1.159 r  sysclk_IBUF_BUFG_inst/O
                         net (fo=31, routed)          0.845     2.004    U_GCLK_SEL/counter_reg[0]_0
    SLICE_X42Y77         FDRE                                         r  U_GCLK_SEL/counter_reg[6]/C
                         clock pessimism             -0.514     1.490    
    SLICE_X42Y77         FDRE (Hold_fdre_C_D)         0.134     1.624    U_GCLK_SEL/counter_reg[6]
  -------------------------------------------------------------------
                         required time                         -1.624    
                         arrival time                           1.890    
  -------------------------------------------------------------------
                         slack                                  0.265    

Slack (MET) :             0.266ns  (arrival time - required time)
  Source:                 U_GCLK_SEL/counter_reg[10]/C
                            (rising edge-triggered cell FDRE clocked by sys_clk_pin  {rise@0.000ns fall@4.000ns period=8.000ns})
  Destination:            U_GCLK_SEL/counter_reg[10]/D
                            (rising edge-triggered cell FDRE clocked by sys_clk_pin  {rise@0.000ns fall@4.000ns period=8.000ns})
  Path Group:             sys_clk_pin
  Path Type:              Hold (Min at Fast Process Corner)
  Requirement:            0.000ns  (sys_clk_pin rise@0.000ns - sys_clk_pin rise@0.000ns)
  Data Path Delay:        0.400ns  (logic 0.274ns (68.524%)  route 0.126ns (31.476%))
  Logic Levels:           1  (CARRY4=1)
  Clock Path Skew:        0.000ns (DCD - SCD - CPR)
    Destination Clock Delay (DCD):    2.005ns
    Source Clock Delay      (SCD):    1.490ns
    Clock Pessimism Removal (CPR):    0.515ns

    Location             Delay type                Incr(ns)  Path(ns)    Netlist Resource(s)
  -------------------------------------------------------------------    -------------------
                         (clock sys_clk_pin rise edge)
                                                      0.000     0.000 r  
    K17                                               0.000     0.000 r  sysclk (IN)
                         net (fo=0)                   0.000     0.000    sysclk
    K17                  IBUF (Prop_ibuf_I_O)         0.259     0.259 r  sysclk_IBUF_inst/O
                         net (fo=1, routed)           0.627     0.887    sysclk_IBUF
    BUFGCTRL_X0Y16       BUFG (Prop_bufg_I_O)         0.026     0.913 r  sysclk_IBUF_BUFG_inst/O
                         net (fo=31, routed)          0.578     1.490    U_GCLK_SEL/counter_reg[0]_0
    SLICE_X42Y78         FDRE                                         r  U_GCLK_SEL/counter_reg[10]/C
  -------------------------------------------------------------------    -------------------
    SLICE_X42Y78         FDRE (Prop_fdre_C_Q)         0.164     1.654 r  U_GCLK_SEL/counter_reg[10]/Q
                         net (fo=3, routed)           0.126     1.780    U_GCLK_SEL/counter_reg[10]
    SLICE_X42Y78         CARRY4 (Prop_carry4_S[2]_O[2])
                                                      0.110     1.890 r  U_GCLK_SEL/counter_reg[8]_i_1/O[2]
                         net (fo=1, routed)           0.000     1.890    U_GCLK_SEL/counter_reg[8]_i_1_n_5
    SLICE_X42Y78         FDRE                                         r  U_GCLK_SEL/counter_reg[10]/D
  -------------------------------------------------------------------    -------------------

                         (clock sys_clk_pin rise edge)
                                                      0.000     0.000 r  
    K17                                               0.000     0.000 r  sysclk (IN)
                         net (fo=0)                   0.000     0.000    sysclk
    K17                  IBUF (Prop_ibuf_I_O)         0.447     0.447 r  sysclk_IBUF_inst/O
                         net (fo=1, routed)           0.683     1.130    sysclk_IBUF
    BUFGCTRL_X0Y16       BUFG (Prop_bufg_I_O)         0.029     1.159 r  sysclk_IBUF_BUFG_inst/O
                         net (fo=31, routed)          0.846     2.005    U_GCLK_SEL/counter_reg[0]_0
    SLICE_X42Y78         FDRE                                         r  U_GCLK_SEL/counter_reg[10]/C
                         clock pessimism             -0.515     1.490    
    SLICE_X42Y78         FDRE (Hold_fdre_C_D)         0.134     1.624    U_GCLK_SEL/counter_reg[10]
  -------------------------------------------------------------------
                         required time                         -1.624    
                         arrival time                           1.890    
  -------------------------------------------------------------------
                         slack                                  0.266    

Slack (MET) :             0.267ns  (arrival time - required time)
  Source:                 U_GCLK_SEL/counter_reg[14]/C
                            (rising edge-triggered cell FDRE clocked by sys_clk_pin  {rise@0.000ns fall@4.000ns period=8.000ns})
  Destination:            U_GCLK_SEL/counter_reg[14]/D
                            (rising edge-triggered cell FDRE clocked by sys_clk_pin  {rise@0.000ns fall@4.000ns period=8.000ns})
  Path Group:             sys_clk_pin
  Path Type:              Hold (Min at Fast Process Corner)
  Requirement:            0.000ns  (sys_clk_pin rise@0.000ns - sys_clk_pin rise@0.000ns)
  Data Path Delay:        0.401ns  (logic 0.274ns (68.412%)  route 0.127ns (31.588%))
  Logic Levels:           1  (CARRY4=1)
  Clock Path Skew:        0.000ns (DCD - SCD - CPR)
    Destination Clock Delay (DCD):    2.006ns
    Source Clock Delay      (SCD):    1.491ns
    Clock Pessimism Removal (CPR):    0.515ns

    Location             Delay type                Incr(ns)  Path(ns)    Netlist Resource(s)
  -------------------------------------------------------------------    -------------------
                         (clock sys_clk_pin rise edge)
                                                      0.000     0.000 r  
    K17                                               0.000     0.000 r  sysclk (IN)
                         net (fo=0)                   0.000     0.000    sysclk
    K17                  IBUF (Prop_ibuf_I_O)         0.259     0.259 r  sysclk_IBUF_inst/O
                         net (fo=1, routed)           0.627     0.887    sysclk_IBUF
    BUFGCTRL_X0Y16       BUFG (Prop_bufg_I_O)         0.026     0.913 r  sysclk_IBUF_BUFG_inst/O
                         net (fo=31, routed)          0.579     1.491    U_GCLK_SEL/counter_reg[0]_0
    SLICE_X42Y79         FDRE                                         r  U_GCLK_SEL/counter_reg[14]/C
  -------------------------------------------------------------------    -------------------
    SLICE_X42Y79         FDRE (Prop_fdre_C_Q)         0.164     1.655 r  U_GCLK_SEL/counter_reg[14]/Q
                         net (fo=2, routed)           0.127     1.782    U_GCLK_SEL/counter_reg[14]
    SLICE_X42Y79         CARRY4 (Prop_carry4_S[2]_O[2])
                                                      0.110     1.892 r  U_GCLK_SEL/counter_reg[12]_i_1/O[2]
                         net (fo=1, routed)           0.000     1.892    U_GCLK_SEL/counter_reg[12]_i_1_n_5
    SLICE_X42Y79         FDRE                                         r  U_GCLK_SEL/counter_reg[14]/D
  -------------------------------------------------------------------    -------------------

                         (clock sys_clk_pin rise edge)
                                                      0.000     0.000 r  
    K17                                               0.000     0.000 r  sysclk (IN)
                         net (fo=0)                   0.000     0.000    sysclk
    K17                  IBUF (Prop_ibuf_I_O)         0.447     0.447 r  sysclk_IBUF_inst/O
                         net (fo=1, routed)           0.683     1.130    sysclk_IBUF
    BUFGCTRL_X0Y16       BUFG (Prop_bufg_I_O)         0.029     1.159 r  sysclk_IBUF_BUFG_inst/O
                         net (fo=31, routed)          0.847     2.006    U_GCLK_SEL/counter_reg[0]_0
    SLICE_X42Y79         FDRE                                         r  U_GCLK_SEL/counter_reg[14]/C
                         clock pessimism             -0.515     1.491    
    SLICE_X42Y79         FDRE (Hold_fdre_C_D)         0.134     1.625    U_GCLK_SEL/counter_reg[14]
  -------------------------------------------------------------------
                         required time                         -1.625    
                         arrival time                           1.892    
  -------------------------------------------------------------------
                         slack                                  0.267    

Slack (MET) :             0.267ns  (arrival time - required time)
  Source:                 U_GCLK_SEL/counter_reg[18]/C
                            (rising edge-triggered cell FDRE clocked by sys_clk_pin  {rise@0.000ns fall@4.000ns period=8.000ns})
  Destination:            U_GCLK_SEL/counter_reg[18]/D
                            (rising edge-triggered cell FDRE clocked by sys_clk_pin  {rise@0.000ns fall@4.000ns period=8.000ns})
  Path Group:             sys_clk_pin
  Path Type:              Hold (Min at Fast Process Corner)
  Requirement:            0.000ns  (sys_clk_pin rise@0.000ns - sys_clk_pin rise@0.000ns)
  Data Path Delay:        0.401ns  (logic 0.274ns (68.412%)  route 0.127ns (31.588%))
  Logic Levels:           1  (CARRY4=1)
  Clock Path Skew:        0.000ns (DCD - SCD - CPR)
    Destination Clock Delay (DCD):    2.007ns
    Source Clock Delay      (SCD):    1.492ns
    Clock Pessimism Removal (CPR):    0.515ns

    Location             Delay type                Incr(ns)  Path(ns)    Netlist Resource(s)
  -------------------------------------------------------------------    -------------------
                         (clock sys_clk_pin rise edge)
                                                      0.000     0.000 r  
    K17                                               0.000     0.000 r  sysclk (IN)
                         net (fo=0)                   0.000     0.000    sysclk
    K17                  IBUF (Prop_ibuf_I_O)         0.259     0.259 r  sysclk_IBUF_inst/O
                         net (fo=1, routed)           0.627     0.887    sysclk_IBUF
    BUFGCTRL_X0Y16       BUFG (Prop_bufg_I_O)         0.026     0.913 r  sysclk_IBUF_BUFG_inst/O
                         net (fo=31, routed)          0.580     1.492    U_GCLK_SEL/counter_reg[0]_0
    SLICE_X42Y80         FDRE                                         r  U_GCLK_SEL/counter_reg[18]/C
  -------------------------------------------------------------------    -------------------
    SLICE_X42Y80         FDRE (Prop_fdre_C_Q)         0.164     1.656 r  U_GCLK_SEL/counter_reg[18]/Q
                         net (fo=2, routed)           0.127     1.783    U_GCLK_SEL/counter_reg[18]
    SLICE_X42Y80         CARRY4 (Prop_carry4_S[2]_O[2])
                                                      0.110     1.893 r  U_GCLK_SEL/counter_reg[16]_i_1/O[2]
                         net (fo=1, routed)           0.000     1.893    U_GCLK_SEL/counter_reg[16]_i_1_n_5
    SLICE_X42Y80         FDRE                                         r  U_GCLK_SEL/counter_reg[18]/D
  -------------------------------------------------------------------    -------------------

                         (clock sys_clk_pin rise edge)
                                                      0.000     0.000 r  
    K17                                               0.000     0.000 r  sysclk (IN)
                         net (fo=0)                   0.000     0.000    sysclk
    K17                  IBUF (Prop_ibuf_I_O)         0.447     0.447 r  sysclk_IBUF_inst/O
                         net (fo=1, routed)           0.683     1.130    sysclk_IBUF
    BUFGCTRL_X0Y16       BUFG (Prop_bufg_I_O)         0.029     1.159 r  sysclk_IBUF_BUFG_inst/O
                         net (fo=31, routed)          0.848     2.007    U_GCLK_SEL/counter_reg[0]_0
    SLICE_X42Y80         FDRE                                         r  U_GCLK_SEL/counter_reg[18]/C
                         clock pessimism             -0.515     1.492    
    SLICE_X42Y80         FDRE (Hold_fdre_C_D)         0.134     1.626    U_GCLK_SEL/counter_reg[18]
  -------------------------------------------------------------------
                         required time                         -1.626    
                         arrival time                           1.893    
  -------------------------------------------------------------------
                         slack                                  0.267    

Slack (MET) :             0.267ns  (arrival time - required time)
  Source:                 U_GCLK_SEL/counter_reg[2]/C
                            (rising edge-triggered cell FDRE clocked by sys_clk_pin  {rise@0.000ns fall@4.000ns period=8.000ns})
  Destination:            U_GCLK_SEL/counter_reg[2]/D
                            (rising edge-triggered cell FDRE clocked by sys_clk_pin  {rise@0.000ns fall@4.000ns period=8.000ns})
  Path Group:             sys_clk_pin
  Path Type:              Hold (Min at Fast Process Corner)
  Requirement:            0.000ns  (sys_clk_pin rise@0.000ns - sys_clk_pin rise@0.000ns)
  Data Path Delay:        0.401ns  (logic 0.274ns (68.412%)  route 0.127ns (31.588%))
  Logic Levels:           1  (CARRY4=1)
  Clock Path Skew:        0.000ns (DCD - SCD - CPR)
    Destination Clock Delay (DCD):    2.002ns
    Source Clock Delay      (SCD):    1.488ns
    Clock Pessimism Removal (CPR):    0.514ns

    Location             Delay type                Incr(ns)  Path(ns)    Netlist Resource(s)
  -------------------------------------------------------------------    -------------------
                         (clock sys_clk_pin rise edge)
                                                      0.000     0.000 r  
    K17                                               0.000     0.000 r  sysclk (IN)
                         net (fo=0)                   0.000     0.000    sysclk
    K17                  IBUF (Prop_ibuf_I_O)         0.259     0.259 r  sysclk_IBUF_inst/O
                         net (fo=1, routed)           0.627     0.887    sysclk_IBUF
    BUFGCTRL_X0Y16       BUFG (Prop_bufg_I_O)         0.026     0.913 r  sysclk_IBUF_BUFG_inst/O
                         net (fo=31, routed)          0.576     1.488    U_GCLK_SEL/counter_reg[0]_0
    SLICE_X42Y76         FDRE                                         r  U_GCLK_SEL/counter_reg[2]/C
  -------------------------------------------------------------------    -------------------
    SLICE_X42Y76         FDRE (Prop_fdre_C_Q)         0.164     1.652 r  U_GCLK_SEL/counter_reg[2]/Q
                         net (fo=3, routed)           0.127     1.779    U_GCLK_SEL/counter_reg[2]
    SLICE_X42Y76         CARRY4 (Prop_carry4_S[2]_O[2])
                                                      0.110     1.889 r  U_GCLK_SEL/counter_reg[0]_i_1/O[2]
                         net (fo=1, routed)           0.000     1.889    U_GCLK_SEL/counter_reg[0]_i_1_n_5
    SLICE_X42Y76         FDRE                                         r  U_GCLK_SEL/counter_reg[2]/D
  -------------------------------------------------------------------    -------------------

                         (clock sys_clk_pin rise edge)
                                                      0.000     0.000 r  
    K17                                               0.000     0.000 r  sysclk (IN)
                         net (fo=0)                   0.000     0.000    sysclk
    K17                  IBUF (Prop_ibuf_I_O)         0.447     0.447 r  sysclk_IBUF_inst/O
                         net (fo=1, routed)           0.683     1.130    sysclk_IBUF
    BUFGCTRL_X0Y16       BUFG (Prop_bufg_I_O)         0.029     1.159 r  sysclk_IBUF_BUFG_inst/O
                         net (fo=31, routed)          0.843     2.002    U_GCLK_SEL/counter_reg[0]_0
    SLICE_X42Y76         FDRE                                         r  U_GCLK_SEL/counter_reg[2]/C
                         clock pessimism             -0.514     1.488    
    SLICE_X42Y76         FDRE (Hold_fdre_C_D)         0.134     1.622    U_GCLK_SEL/counter_reg[2]
  -------------------------------------------------------------------
                         required time                         -1.622    
                         arrival time                           1.889    
  -------------------------------------------------------------------
                         slack                                  0.267    

Slack (MET) :             0.267ns  (arrival time - required time)
  Source:                 U_GCLK_SEL/counter_reg[22]/C
                            (rising edge-triggered cell FDRE clocked by sys_clk_pin  {rise@0.000ns fall@4.000ns period=8.000ns})
  Destination:            U_GCLK_SEL/counter_reg[22]/D
                            (rising edge-triggered cell FDRE clocked by sys_clk_pin  {rise@0.000ns fall@4.000ns period=8.000ns})
  Path Group:             sys_clk_pin
  Path Type:              Hold (Min at Fast Process Corner)
  Requirement:            0.000ns  (sys_clk_pin rise@0.000ns - sys_clk_pin rise@0.000ns)
  Data Path Delay:        0.401ns  (logic 0.274ns (68.401%)  route 0.127ns (31.599%))
  Logic Levels:           1  (CARRY4=1)
  Clock Path Skew:        0.000ns (DCD - SCD - CPR)
    Destination Clock Delay (DCD):    2.008ns
    Source Clock Delay      (SCD):    1.493ns
    Clock Pessimism Removal (CPR):    0.515ns

    Location             Delay type                Incr(ns)  Path(ns)    Netlist Resource(s)
  -------------------------------------------------------------------    -------------------
                         (clock sys_clk_pin rise edge)
                                                      0.000     0.000 r  
    K17                                               0.000     0.000 r  sysclk (IN)
                         net (fo=0)                   0.000     0.000    sysclk
    K17                  IBUF (Prop_ibuf_I_O)         0.259     0.259 r  sysclk_IBUF_inst/O
                         net (fo=1, routed)           0.627     0.887    sysclk_IBUF
    BUFGCTRL_X0Y16       BUFG (Prop_bufg_I_O)         0.026     0.913 r  sysclk_IBUF_BUFG_inst/O
                         net (fo=31, routed)          0.581     1.493    U_GCLK_SEL/counter_reg[0]_0
    SLICE_X42Y81         FDRE                                         r  U_GCLK_SEL/counter_reg[22]/C
  -------------------------------------------------------------------    -------------------
    SLICE_X42Y81         FDRE (Prop_fdre_C_Q)         0.164     1.657 r  U_GCLK_SEL/counter_reg[22]/Q
                         net (fo=2, routed)           0.127     1.784    U_GCLK_SEL/counter_reg[22]
    SLICE_X42Y81         CARRY4 (Prop_carry4_S[2]_O[2])
                                                      0.110     1.894 r  U_GCLK_SEL/counter_reg[20]_i_1/O[2]
                         net (fo=1, routed)           0.000     1.894    U_GCLK_SEL/counter_reg[20]_i_1_n_5
    SLICE_X42Y81         FDRE                                         r  U_GCLK_SEL/counter_reg[22]/D
  -------------------------------------------------------------------    -------------------

                         (clock sys_clk_pin rise edge)
                                                      0.000     0.000 r  
    K17                                               0.000     0.000 r  sysclk (IN)
                         net (fo=0)                   0.000     0.000    sysclk
    K17                  IBUF (Prop_ibuf_I_O)         0.447     0.447 r  sysclk_IBUF_inst/O
                         net (fo=1, routed)           0.683     1.130    sysclk_IBUF
    BUFGCTRL_X0Y16       BUFG (Prop_bufg_I_O)         0.029     1.159 r  sysclk_IBUF_BUFG_inst/O
                         net (fo=31, routed)          0.849     2.008    U_GCLK_SEL/counter_reg[0]_0
    SLICE_X42Y81         FDRE                                         r  U_GCLK_SEL/counter_reg[22]/C
                         clock pessimism             -0.515     1.493    
    SLICE_X42Y81         FDRE (Hold_fdre_C_D)         0.134     1.627    U_GCLK_SEL/counter_reg[22]
  -------------------------------------------------------------------
                         required time                         -1.627    
                         arrival time                           1.894    
  -------------------------------------------------------------------
                         slack                                  0.267    

Slack (MET) :             0.301ns  (arrival time - required time)
  Source:                 U_GCLK_SEL/counter_reg[6]/C
                            (rising edge-triggered cell FDRE clocked by sys_clk_pin  {rise@0.000ns fall@4.000ns period=8.000ns})
  Destination:            U_GCLK_SEL/counter_reg[7]/D
                            (rising edge-triggered cell FDRE clocked by sys_clk_pin  {rise@0.000ns fall@4.000ns period=8.000ns})
  Path Group:             sys_clk_pin
  Path Type:              Hold (Min at Fast Process Corner)
  Requirement:            0.000ns  (sys_clk_pin rise@0.000ns - sys_clk_pin rise@0.000ns)
  Data Path Delay:        0.435ns  (logic 0.310ns (71.185%)  route 0.125ns (28.815%))
  Logic Levels:           1  (CARRY4=1)
  Clock Path Skew:        0.000ns (DCD - SCD - CPR)
    Destination Clock Delay (DCD):    2.004ns
    Source Clock Delay      (SCD):    1.490ns
    Clock Pessimism Removal (CPR):    0.514ns

    Location             Delay type                Incr(ns)  Path(ns)    Netlist Resource(s)
  -------------------------------------------------------------------    -------------------
                         (clock sys_clk_pin rise edge)
                                                      0.000     0.000 r  
    K17                                               0.000     0.000 r  sysclk (IN)
                         net (fo=0)                   0.000     0.000    sysclk
    K17                  IBUF (Prop_ibuf_I_O)         0.259     0.259 r  sysclk_IBUF_inst/O
                         net (fo=1, routed)           0.627     0.887    sysclk_IBUF
    BUFGCTRL_X0Y16       BUFG (Prop_bufg_I_O)         0.026     0.913 r  sysclk_IBUF_BUFG_inst/O
                         net (fo=31, routed)          0.578     1.490    U_GCLK_SEL/counter_reg[0]_0
    SLICE_X42Y77         FDRE                                         r  U_GCLK_SEL/counter_reg[6]/C
  -------------------------------------------------------------------    -------------------
    SLICE_X42Y77         FDRE (Prop_fdre_C_Q)         0.164     1.654 r  U_GCLK_SEL/counter_reg[6]/Q
                         net (fo=2, routed)           0.125     1.780    U_GCLK_SEL/counter_reg[6]
    SLICE_X42Y77         CARRY4 (Prop_carry4_S[2]_O[3])
                                                      0.146     1.926 r  U_GCLK_SEL/counter_reg[4]_i_1/O[3]
                         net (fo=1, routed)           0.000     1.926    U_GCLK_SEL/counter_reg[4]_i_1_n_4
    SLICE_X42Y77         FDRE                                         r  U_GCLK_SEL/counter_reg[7]/D
  -------------------------------------------------------------------    -------------------

                         (clock sys_clk_pin rise edge)
                                                      0.000     0.000 r  
    K17                                               0.000     0.000 r  sysclk (IN)
                         net (fo=0)                   0.000     0.000    sysclk
    K17                  IBUF (Prop_ibuf_I_O)         0.447     0.447 r  sysclk_IBUF_inst/O
                         net (fo=1, routed)           0.683     1.130    sysclk_IBUF
    BUFGCTRL_X0Y16       BUFG (Prop_bufg_I_O)         0.029     1.159 r  sysclk_IBUF_BUFG_inst/O
                         net (fo=31, routed)          0.845     2.004    U_GCLK_SEL/counter_reg[0]_0
    SLICE_X42Y77         FDRE                                         r  U_GCLK_SEL/counter_reg[7]/C
                         clock pessimism             -0.514     1.490    
    SLICE_X42Y77         FDRE (Hold_fdre_C_D)         0.134     1.624    U_GCLK_SEL/counter_reg[7]
  -------------------------------------------------------------------
                         required time                         -1.624    
                         arrival time                           1.926    
  -------------------------------------------------------------------
                         slack                                  0.301    

Slack (MET) :             0.302ns  (arrival time - required time)
  Source:                 U_GCLK_SEL/counter_reg[10]/C
                            (rising edge-triggered cell FDRE clocked by sys_clk_pin  {rise@0.000ns fall@4.000ns period=8.000ns})
  Destination:            U_GCLK_SEL/counter_reg[11]/D
                            (rising edge-triggered cell FDRE clocked by sys_clk_pin  {rise@0.000ns fall@4.000ns period=8.000ns})
  Path Group:             sys_clk_pin
  Path Type:              Hold (Min at Fast Process Corner)
  Requirement:            0.000ns  (sys_clk_pin rise@0.000ns - sys_clk_pin rise@0.000ns)
  Data Path Delay:        0.436ns  (logic 0.310ns (71.124%)  route 0.126ns (28.876%))
  Logic Levels:           1  (CARRY4=1)
  Clock Path Skew:        0.000ns (DCD - SCD - CPR)
    Destination Clock Delay (DCD):    2.005ns
    Source Clock Delay      (SCD):    1.490ns
    Clock Pessimism Removal (CPR):    0.515ns

    Location             Delay type                Incr(ns)  Path(ns)    Netlist Resource(s)
  -------------------------------------------------------------------    -------------------
                         (clock sys_clk_pin rise edge)
                                                      0.000     0.000 r  
    K17                                               0.000     0.000 r  sysclk (IN)
                         net (fo=0)                   0.000     0.000    sysclk
    K17                  IBUF (Prop_ibuf_I_O)         0.259     0.259 r  sysclk_IBUF_inst/O
                         net (fo=1, routed)           0.627     0.887    sysclk_IBUF
    BUFGCTRL_X0Y16       BUFG (Prop_bufg_I_O)         0.026     0.913 r  sysclk_IBUF_BUFG_inst/O
                         net (fo=31, routed)          0.578     1.490    U_GCLK_SEL/counter_reg[0]_0
    SLICE_X42Y78         FDRE                                         r  U_GCLK_SEL/counter_reg[10]/C
  -------------------------------------------------------------------    -------------------
    SLICE_X42Y78         FDRE (Prop_fdre_C_Q)         0.164     1.654 r  U_GCLK_SEL/counter_reg[10]/Q
                         net (fo=3, routed)           0.126     1.780    U_GCLK_SEL/counter_reg[10]
    SLICE_X42Y78         CARRY4 (Prop_carry4_S[2]_O[3])
                                                      0.146     1.926 r  U_GCLK_SEL/counter_reg[8]_i_1/O[3]
                         net (fo=1, routed)           0.000     1.926    U_GCLK_SEL/counter_reg[8]_i_1_n_4
    SLICE_X42Y78         FDRE                                         r  U_GCLK_SEL/counter_reg[11]/D
  -------------------------------------------------------------------    -------------------

                         (clock sys_clk_pin rise edge)
                                                      0.000     0.000 r  
    K17                                               0.000     0.000 r  sysclk (IN)
                         net (fo=0)                   0.000     0.000    sysclk
    K17                  IBUF (Prop_ibuf_I_O)         0.447     0.447 r  sysclk_IBUF_inst/O
                         net (fo=1, routed)           0.683     1.130    sysclk_IBUF
    BUFGCTRL_X0Y16       BUFG (Prop_bufg_I_O)         0.029     1.159 r  sysclk_IBUF_BUFG_inst/O
                         net (fo=31, routed)          0.846     2.005    U_GCLK_SEL/counter_reg[0]_0
    SLICE_X42Y78         FDRE                                         r  U_GCLK_SEL/counter_reg[11]/C
                         clock pessimism             -0.515     1.490    
    SLICE_X42Y78         FDRE (Hold_fdre_C_D)         0.134     1.624    U_GCLK_SEL/counter_reg[11]
  -------------------------------------------------------------------
                         required time                         -1.624    
                         arrival time                           1.926    
  -------------------------------------------------------------------
                         slack                                  0.302    

Slack (MET) :             0.303ns  (arrival time - required time)
  Source:                 U_GCLK_SEL/counter_reg[14]/C
                            (rising edge-triggered cell FDRE clocked by sys_clk_pin  {rise@0.000ns fall@4.000ns period=8.000ns})
  Destination:            U_GCLK_SEL/counter_reg[15]/D
                            (rising edge-triggered cell FDRE clocked by sys_clk_pin  {rise@0.000ns fall@4.000ns period=8.000ns})
  Path Group:             sys_clk_pin
  Path Type:              Hold (Min at Fast Process Corner)
  Requirement:            0.000ns  (sys_clk_pin rise@0.000ns - sys_clk_pin rise@0.000ns)
  Data Path Delay:        0.437ns  (logic 0.310ns (71.017%)  route 0.127ns (28.983%))
  Logic Levels:           1  (CARRY4=1)
  Clock Path Skew:        0.000ns (DCD - SCD - CPR)
    Destination Clock Delay (DCD):    2.006ns
    Source Clock Delay      (SCD):    1.491ns
    Clock Pessimism Removal (CPR):    0.515ns

    Location             Delay type                Incr(ns)  Path(ns)    Netlist Resource(s)
  -------------------------------------------------------------------    -------------------
                         (clock sys_clk_pin rise edge)
                                                      0.000     0.000 r  
    K17                                               0.000     0.000 r  sysclk (IN)
                         net (fo=0)                   0.000     0.000    sysclk
    K17                  IBUF (Prop_ibuf_I_O)         0.259     0.259 r  sysclk_IBUF_inst/O
                         net (fo=1, routed)           0.627     0.887    sysclk_IBUF
    BUFGCTRL_X0Y16       BUFG (Prop_bufg_I_O)         0.026     0.913 r  sysclk_IBUF_BUFG_inst/O
                         net (fo=31, routed)          0.579     1.491    U_GCLK_SEL/counter_reg[0]_0
    SLICE_X42Y79         FDRE                                         r  U_GCLK_SEL/counter_reg[14]/C
  -------------------------------------------------------------------    -------------------
    SLICE_X42Y79         FDRE (Prop_fdre_C_Q)         0.164     1.655 r  U_GCLK_SEL/counter_reg[14]/Q
                         net (fo=2, routed)           0.127     1.782    U_GCLK_SEL/counter_reg[14]
    SLICE_X42Y79         CARRY4 (Prop_carry4_S[2]_O[3])
                                                      0.146     1.928 r  U_GCLK_SEL/counter_reg[12]_i_1/O[3]
                         net (fo=1, routed)           0.000     1.928    U_GCLK_SEL/counter_reg[12]_i_1_n_4
    SLICE_X42Y79         FDRE                                         r  U_GCLK_SEL/counter_reg[15]/D
  -------------------------------------------------------------------    -------------------

                         (clock sys_clk_pin rise edge)
                                                      0.000     0.000 r  
    K17                                               0.000     0.000 r  sysclk (IN)
                         net (fo=0)                   0.000     0.000    sysclk
    K17                  IBUF (Prop_ibuf_I_O)         0.447     0.447 r  sysclk_IBUF_inst/O
                         net (fo=1, routed)           0.683     1.130    sysclk_IBUF
    BUFGCTRL_X0Y16       BUFG (Prop_bufg_I_O)         0.029     1.159 r  sysclk_IBUF_BUFG_inst/O
                         net (fo=31, routed)          0.847     2.006    U_GCLK_SEL/counter_reg[0]_0
    SLICE_X42Y79         FDRE                                         r  U_GCLK_SEL/counter_reg[15]/C
                         clock pessimism             -0.515     1.491    
    SLICE_X42Y79         FDRE (Hold_fdre_C_D)         0.134     1.625    U_GCLK_SEL/counter_reg[15]
  -------------------------------------------------------------------
                         required time                         -1.625    
                         arrival time                           1.928    
  -------------------------------------------------------------------
                         slack                                  0.303    





Pulse Width Checks
--------------------------------------------------------------------------------------
Clock Name:         sys_clk_pin
Waveform(ns):       { 0.000 4.000 }
Period(ns):         8.000
Sources:            { sysclk }

Check Type        Corner  Lib Pin  Reference Pin  Required(ns)  Actual(ns)  Slack(ns)  Location        Pin
Min Period        n/a     BUFG/I   n/a            2.155         8.000       5.845      BUFGCTRL_X0Y16  sysclk_IBUF_BUFG_inst/I
Min Period        n/a     FDRE/C   n/a            1.000         8.000       7.000      SLICE_X43Y76    U_GCLK_SEL/aux_sclk_reg/C
Min Period        n/a     FDRE/C   n/a            1.000         8.000       7.000      SLICE_X42Y76    U_GCLK_SEL/counter_reg[0]/C
Min Period        n/a     FDRE/C   n/a            1.000         8.000       7.000      SLICE_X42Y78    U_GCLK_SEL/counter_reg[10]/C
Min Period        n/a     FDRE/C   n/a            1.000         8.000       7.000      SLICE_X42Y78    U_GCLK_SEL/counter_reg[11]/C
Min Period        n/a     FDRE/C   n/a            1.000         8.000       7.000      SLICE_X42Y79    U_GCLK_SEL/counter_reg[12]/C
Min Period        n/a     FDRE/C   n/a            1.000         8.000       7.000      SLICE_X42Y79    U_GCLK_SEL/counter_reg[13]/C
Min Period        n/a     FDRE/C   n/a            1.000         8.000       7.000      SLICE_X42Y79    U_GCLK_SEL/counter_reg[14]/C
Min Period        n/a     FDRE/C   n/a            1.000         8.000       7.000      SLICE_X42Y79    U_GCLK_SEL/counter_reg[15]/C
Min Period        n/a     FDRE/C   n/a            1.000         8.000       7.000      SLICE_X42Y80    U_GCLK_SEL/counter_reg[16]/C
Low Pulse Width   Fast    FDRE/C   n/a            0.500         4.000       3.500      SLICE_X42Y82    U_GCLK_SEL/counter_reg[24]/C
Low Pulse Width   Fast    FDRE/C   n/a            0.500         4.000       3.500      SLICE_X42Y82    U_GCLK_SEL/counter_reg[25]/C
Low Pulse Width   Slow    FDRE/C   n/a            0.500         4.000       3.500      SLICE_X43Y76    U_GCLK_SEL/aux_sclk_reg/C
Low Pulse Width   Slow    FDRE/C   n/a            0.500         4.000       3.500      SLICE_X42Y76    U_GCLK_SEL/counter_reg[0]/C
Low Pulse Width   Slow    FDRE/C   n/a            0.500         4.000       3.500      SLICE_X42Y76    U_GCLK_SEL/counter_reg[1]/C
Low Pulse Width   Slow    FDRE/C   n/a            0.500         4.000       3.500      SLICE_X42Y81    U_GCLK_SEL/counter_reg[20]/C
Low Pulse Width   Fast    FDRE/C   n/a            0.500         4.000       3.500      SLICE_X42Y81    U_GCLK_SEL/counter_reg[20]/C
Low Pulse Width   Slow    FDRE/C   n/a            0.500         4.000       3.500      SLICE_X42Y81    U_GCLK_SEL/counter_reg[21]/C
Low Pulse Width   Fast    FDRE/C   n/a            0.500         4.000       3.500      SLICE_X42Y81    U_GCLK_SEL/counter_reg[21]/C
Low Pulse Width   Slow    FDRE/C   n/a            0.500         4.000       3.500      SLICE_X42Y81    U_GCLK_SEL/counter_reg[22]/C
High Pulse Width  Fast    FDRE/C   n/a            0.500         4.000       3.500      SLICE_X43Y76    U_GCLK_SEL/aux_sclk_reg/C
High Pulse Width  Fast    FDRE/C   n/a            0.500         4.000       3.500      SLICE_X42Y76    U_GCLK_SEL/counter_reg[0]/C
High Pulse Width  Slow    FDRE/C   n/a            0.500         4.000       3.500      SLICE_X42Y78    U_GCLK_SEL/counter_reg[10]/C
High Pulse Width  Slow    FDRE/C   n/a            0.500         4.000       3.500      SLICE_X42Y78    U_GCLK_SEL/counter_reg[11]/C
High Pulse Width  Slow    FDRE/C   n/a            0.500         4.000       3.500      SLICE_X42Y79    U_GCLK_SEL/counter_reg[12]/C
High Pulse Width  Fast    FDRE/C   n/a            0.500         4.000       3.500      SLICE_X42Y79    U_GCLK_SEL/counter_reg[12]/C
High Pulse Width  Slow    FDRE/C   n/a            0.500         4.000       3.500      SLICE_X42Y79    U_GCLK_SEL/counter_reg[13]/C
High Pulse Width  Fast    FDRE/C   n/a            0.500         4.000       3.500      SLICE_X42Y79    U_GCLK_SEL/counter_reg[13]/C
High Pulse Width  Slow    FDRE/C   n/a            0.500         4.000       3.500      SLICE_X42Y79    U_GCLK_SEL/counter_reg[14]/C
High Pulse Width  Fast    FDRE/C   n/a            0.500         4.000       3.500      SLICE_X42Y79    U_GCLK_SEL/counter_reg[14]/C



